run,operation,started,time,status,label,batch_size,epochs,lr,sample_file,loss_train,max_acc_train,loss_test,max_acc_test,acc_test,acc_train,checkpoint_dir,data_dir,hidden_size,step,acc/test,acc/train,loss/test,loss/train,sc_false,sc_true,tsample,tsr_stop,l1_loss/test,l1_loss/train,l2_loss/test,l2_loss/train,output_size
61789c9f,vtsnn:vis_rpg,2020-03-11 21:34:33,0:00:01,error,batch_size=4 checkpoint_dir=. data_dir=/home/…/data_VT_SNN epochs=20 lr=0.0001 sample_file=5,4,20,0.0001,5,,,,,,,,,,,,,,,,,,,,,,,
2b71c13b,vtsnn:vis_rpg,2020-03-11 21:29:10,0:05:22,completed,batch_size=4 checkpoint_dir=. data_dir=/home/…/data_VT_SNN epochs=20 lr=0.0001 sample_file=4,4,20,0.0001,4,0.006233195308595896,1.0,0.2103581577539444,0.8333333134651184,0.8166666626930237,0.9958333373069763,,,,,,,,,,,,,,,,,
5609126f,vtsnn:vis_rpg,2020-03-11 21:23:50,0:05:19,completed,batch_size=4 checkpoint_dir=. data_dir=/home/…/data_VT_SNN epochs=20 lr=0.0001 sample_file=4,4,20,0.0001,4,0.004617885686457157,1.0,0.24520495533943176,0.8500000238418579,0.7666666507720947,1.0,,,,,,,,,,,,,,,,,
915f2fbd,vtsnn:vis_rpg,2020-03-11 21:18:26,0:05:24,completed,batch_size=4 checkpoint_dir=. data_dir=/home/…/data_VT_SNN epochs=20 lr=0.0001 sample_file=4,4,20,0.0001,4,0.01259839627891779,1.0,0.14267638325691223,0.8666666746139526,0.8333333134651184,0.9958333373069763,,,,,,,,,,,,,,,,,
ff59bbfa,vtsnn:vis_rpg,2020-03-11 21:13:05,0:05:20,completed,batch_size=4 checkpoint_dir=. data_dir=/home/…/data_VT_SNN epochs=20 lr=0.0001 sample_file=3,4,20,0.0001,3,0.007070528343319893,1.0,0.09443232417106628,0.8833333253860474,0.8666666746139526,0.9958333373069763,,,,,,,,,,,,,,,,,
dcbff176,vtsnn:vis_rpg,2020-03-11 21:07:41,0:05:24,completed,batch_size=4 checkpoint_dir=. data_dir=/home/…/data_VT_SNN epochs=20 lr=0.0001 sample_file=3,4,20,0.0001,3,0.006013102829456329,1.0,0.12263800948858261,0.8500000238418579,0.8500000238418579,1.0,,,,,,,,,,,,,,,,,
7306de8a,vtsnn:vis_rpg,2020-03-11 21:02:16,0:05:24,completed,batch_size=4 checkpoint_dir=. data_dir=/home/…/data_VT_SNN epochs=20 lr=0.0001 sample_file=3,4,20,0.0001,3,0.0060807811096310616,1.0,0.1829160749912262,0.8666666746139526,0.8333333134651184,1.0,,,,,,,,,,,,,,,,,
c16229d8,vtsnn:vis_rpg,2020-03-11 20:56:55,0:05:21,completed,batch_size=4 checkpoint_dir=. data_dir=/home/…/data_VT_SNN epochs=20 lr=0.0001 sample_file=2,4,20,0.0001,2,0.005463250447064638,1.0,0.26366516947746277,0.8333333134651184,0.8166666626930237,1.0,,,,,,,,,,,,,,,,,
275de4dd,vtsnn:vis_rpg,2020-03-11 20:51:31,0:05:23,completed,batch_size=4 checkpoint_dir=. data_dir=/home/…/data_VT_SNN epochs=20 lr=0.0001 sample_file=2,4,20,0.0001,2,0.010504602454602718,1.0,0.21194356679916382,0.8500000238418579,0.8333333134651184,0.9958333373069763,,,,,,,,,,,,,,,,,
d3387a66,vtsnn:vis_rpg,2020-03-11 20:46:10,0:05:21,completed,batch_size=4 checkpoint_dir=. data_dir=/home/…/data_VT_SNN epochs=20 lr=0.0001 sample_file=2,4,20,0.0001,2,0.01296183280646801,1.0,0.21309788525104523,0.8333333134651184,0.7833333611488342,0.987500011920929,,,,,,,,,,,,,,,,,
457c5367,vtsnn:vis_rpg,2020-03-11 20:40:47,0:05:22,completed,batch_size=4 checkpoint_dir=. data_dir=/home/…/data_VT_SNN epochs=20 lr=0.0001 sample_file=1,4,20,0.0001,1,0.008676604367792606,1.0,0.18954482674598694,0.8666666746139526,0.7833333611488342,1.0,,,,,,,,,,,,,,,,,
df6efc01,vtsnn:vis_rpg,2020-03-11 20:35:26,0:05:20,completed,batch_size=4 checkpoint_dir=. data_dir=/home/…/data_VT_SNN epochs=20 lr=0.0001 sample_file=1,4,20,0.0001,1,0.014773441478610039,1.0,0.22616535425186157,0.8333333134651184,0.75,0.9916666746139526,,,,,,,,,,,,,,,,,
da9a6313,vtsnn:vis_rpg,2020-03-11 20:30:03,0:05:22,completed,batch_size=4 checkpoint_dir=. data_dir=/home/…/data_VT_SNN epochs=20 lr=0.0001 sample_file=1,4,20,0.0001,1,0.0074937413446605206,1.0,0.24577701091766357,0.8666666746139526,0.7666666507720947,1.0,,,,,,,,,,,,,,,,,
882a9fa5,vtsnn:vis_rpg,2020-03-11 20:30:03,,staged,batch_size=4 checkpoint_dir=. data_dir=/home/…/data_VT_SNN epochs=20 lr=0.0001 sample_file=5,4,20,0.0001,5,,,,,,,,,,,,,,,,,,,,,,,
c8187b34,vtsnn:vis_rpg,2020-03-11 20:30:03,,staged,batch_size=4 checkpoint_dir=. data_dir=/home/…/data_VT_SNN epochs=20 lr=0.0001 sample_file=5,4,20,0.0001,5,,,,,,,,,,,,,,,,,,,,,,,
33323ae5,vtsnn:tac_rpg,2020-03-11 18:04:57,0:01:00,completed,batch_size=4 checkpoint_dir=. data_dir=/home/…/data_VT_SNN epochs=40 lr=0.0001 sample_file=4,4,40,0.0001,4,0.013615760952234268,1.0,0.22316603362560272,0.800000011920929,0.7833333611488342,1.0,,,,,,,,,,,,,,,,,
df160d17,vtsnn:tac_rpg,2020-03-11 18:03:57,0:00:59,completed,batch_size=4 checkpoint_dir=. data_dir=/home/…/data_VT_SNN epochs=40 lr=0.0001 sample_file=4,4,40,0.0001,4,0.008452883921563625,1.0,0.23012839257717133,0.7833333611488342,0.7666666507720947,1.0,,,,,,,,,,,,,,,,,
1b3f2771,vtsnn:tac_rpg,2020-03-11 18:02:57,0:01:00,completed,batch_size=4 checkpoint_dir=. data_dir=/home/…/data_VT_SNN epochs=40 lr=0.0001 sample_file=4,4,40,0.0001,4,0.010051961988210678,1.0,0.23371142148971558,0.7333333492279053,0.7166666388511658,1.0,,,,,,,,,,,,,,,,,
9db1ec82,vtsnn:tac_rpg,2020-03-11 18:01:57,0:01:00,completed,batch_size=4 checkpoint_dir=. data_dir=/home/…/data_VT_SNN epochs=40 lr=0.0001 sample_file=3,4,40,0.0001,3,0.011289706453680992,1.0,0.17697811126708984,0.75,0.7333333492279053,1.0,,,,,,,,,,,,,,,,,
b697112b,vtsnn:tac_rpg,2020-03-11 18:00:56,0:01:00,completed,batch_size=4 checkpoint_dir=. data_dir=/home/…/data_VT_SNN epochs=40 lr=0.0001 sample_file=3,4,40,0.0001,3,0.003876701695844531,1.0,0.1911628693342209,0.7666666507720947,0.7166666388511658,1.0,,,,,,,,,,,,,,,,,
28f6a018,vtsnn:tac_rpg,2020-03-11 17:59:55,0:01:01,completed,batch_size=4 checkpoint_dir=. data_dir=/home/…/data_VT_SNN epochs=40 lr=0.0001 sample_file=3,4,40,0.0001,3,0.007283291779458523,1.0,0.24532213807106018,0.699999988079071,0.6666666865348816,1.0,,,,,,,,,,,,,,,,,
84b28607,vtsnn:tac_rpg,2020-03-11 17:58:54,0:01:00,completed,batch_size=4 checkpoint_dir=. data_dir=/home/…/data_VT_SNN epochs=40 lr=0.0001 sample_file=2,4,40,0.0001,2,0.006647820118814707,1.0,0.16890402138233185,0.800000011920929,0.75,1.0,,,,,,,,,,,,,,,,,
44345d94,vtsnn:tac_rpg,2020-03-11 17:57:55,0:00:59,completed,batch_size=4 checkpoint_dir=. data_dir=/home/…/data_VT_SNN epochs=40 lr=0.0001 sample_file=2,4,40,0.0001,2,0.006755086127668619,1.0,0.2138938158750534,0.7666666507720947,0.7666666507720947,1.0,,,,,,,,,,,,,,,,,
585783f5,vtsnn:tac_rpg,2020-03-11 17:56:56,0:00:58,completed,batch_size=4 checkpoint_dir=. data_dir=/home/…/data_VT_SNN epochs=40 lr=0.0001 sample_file=2,4,40,0.0001,2,0.0035956348292529583,1.0,0.2371019423007965,0.6833333373069763,0.6666666865348816,1.0,,,,,,,,,,,,,,,,,
13a00f72,vtsnn:tac_rpg,2020-03-11 17:55:58,0:00:58,completed,batch_size=4 checkpoint_dir=. data_dir=/home/…/data_VT_SNN epochs=40 lr=0.0001 sample_file=1,4,40,0.0001,1,0.00854574516415596,1.0,0.1675761491060257,0.7833333611488342,0.7666666507720947,1.0,,,,,,,,,,,,,,,,,
47875f7b,vtsnn:tac_rpg,2020-03-11 17:55:01,0:00:56,completed,batch_size=4 checkpoint_dir=. data_dir=/home/…/data_VT_SNN epochs=40 lr=0.0001 sample_file=1,4,40,0.0001,1,0.010539374314248562,1.0,0.17677722871303558,0.7833333611488342,0.7166666388511658,1.0,,,,,,,,,,,,,,,,,
2ee90d8e,vtsnn:tac_rpg,2020-03-11 17:55:01,,staged,batch_size=4 checkpoint_dir=. data_dir=/home/…/data_VT_SNN epochs=40 lr=0.0001 sample_file=5,4,40,0.0001,5,,,,,,,,,,,,,,,,,,,,,,,
75d42b48,vtsnn:tac_rpg,2020-03-11 17:55:01,,staged,batch_size=4 checkpoint_dir=. data_dir=/home/…/data_VT_SNN epochs=40 lr=0.0001 sample_file=5,4,40,0.0001,5,,,,,,,,,,,,,,,,,,,,,,,
180d47f3,vtsnn:tac_rpg,2020-03-11 17:52:17,0:00:56,completed,batch_size=4 checkpoint_dir=. data_dir=/home/…/data_VT_SNN epochs=40 lr=0.0001 sample_file=1,4,40,0.0001,1,0.012317669577896595,1.0,0.1538040190935135,0.7833333611488342,0.7666666507720947,1.0,,,,,,,,,,,,,,,,,
9c39080b,vtsnn:mm_ann,2020-03-10 23:12:21,0:19:40,completed,batch_size=8 checkpoint_dir=. data_dir=/home/…/data_VT_SNN epochs=400 hidden_size=30 lr=0.0001 sample_file=5,8,400,0.0001,5,,,,,,,.,/home/tasbolat/some_python_examples/data_VT_SNN/,30,399,0.3499999940395355,1.0,0.6422133445739746,6.95387525340152e-09,,,,,,,,,
06a2c517,vtsnn:viz_ann,2020-03-10 22:57:11,0:21:43,completed,batch_size=8 checkpoint_dir=. data_dir=/home/…/data_VT_SNN epochs=400 hidden_size=30 lr=0.0001 sample_file=5,8,400,0.0001,5,,,,,,,.,/home/tasbolat/some_python_examples/data_VT_SNN/,30,399,0.3499999940395355,1.0,0.5570454597473145,4.520018990206154e-07,,,,,,,,,
5d3d6d35,vtsnn:mm_ann,2020-03-10 22:52:34,0:19:47,completed,batch_size=8 checkpoint_dir=. data_dir=/home/…/data_VT_SNN epochs=400 hidden_size=30 lr=0.0001 sample_file=5,8,400,0.0001,5,,,,,,,.,/home/tasbolat/some_python_examples/data_VT_SNN/,30,400,0.30000001192092896,1.0,0.7065995931625366,7.748603536583687e-08,,,,,,,,,
30dd8d7f,vtsnn:viz_ann,2020-03-10 22:35:32,0:21:38,completed,batch_size=8 checkpoint_dir=. data_dir=/home/…/data_VT_SNN epochs=400 hidden_size=30 lr=0.0001 sample_file=5,8,400,0.0001,5,,,,,,,.,/home/tasbolat/some_python_examples/data_VT_SNN/,30,400,0.4000000059604645,1.0,0.5212433338165283,4.6193599700927734e-07,,,,,,,,,
925d5739,vtsnn:mm_ann,2020-03-10 22:32:56,0:19:38,completed,batch_size=8 checkpoint_dir=. data_dir=/home/…/data_VT_SNN epochs=400 hidden_size=30 lr=0.0001 sample_file=5,8,400,0.0001,5,,,,,,,.,/home/tasbolat/some_python_examples/data_VT_SNN/,30,400,0.44999998807907104,1.0,0.6464856863021851,2.8808910812472277e-08,,,,,,,,,
c8416dcf,vtsnn:viz_ann,2020-03-10 22:13:56,0:21:35,completed,batch_size=8 checkpoint_dir=. data_dir=/home/…/data_VT_SNN epochs=400 hidden_size=30 lr=0.0001 sample_file=5,8,400,0.0001,5,,,,,,,.,/home/tasbolat/some_python_examples/data_VT_SNN/,30,399,0.3499999940395355,1.0,0.4417981505393982,4.1276217643826385e-07,,,,,,,,,
fe46b324,vtsnn:mm_ann,2020-03-10 22:13:24,0:19:31,completed,batch_size=8 checkpoint_dir=. data_dir=/home/…/data_VT_SNN epochs=400 hidden_size=30 lr=0.0001 sample_file=4,8,400,0.0001,4,,,,,,,.,/home/tasbolat/some_python_examples/data_VT_SNN/,30,399,0.38333332538604736,1.0,0.47422507405281067,2.5928019908860733e-07,,,,,,,,,
5f2d92be,vtsnn:mm_ann,2020-03-10 21:53:57,0:19:26,completed,batch_size=8 checkpoint_dir=. data_dir=/home/…/data_VT_SNN epochs=400 hidden_size=30 lr=0.0001 sample_file=4,8,400,0.0001,4,,,,,,,.,/home/tasbolat/some_python_examples/data_VT_SNN/,30,400,0.4833333194255829,1.0,0.4777747392654419,4.22199555316638e-08,,,,,,,,,
067a6c1a,vtsnn:viz_ann,2020-03-10 21:52:13,0:21:42,completed,batch_size=8 checkpoint_dir=. data_dir=/home/…/data_VT_SNN epochs=400 hidden_size=30 lr=0.0001 sample_file=4,8,400,0.0001,4,,,,,,,.,/home/tasbolat/some_python_examples/data_VT_SNN/,30,399,0.3499999940395355,1.0,0.40750718116760254,6.655852189396683e-07,,,,,,,,,
96bf2149,vtsnn:mm_ann,2020-03-10 21:34:41,0:19:15,completed,batch_size=8 checkpoint_dir=. data_dir=/home/…/data_VT_SNN epochs=400 hidden_size=30 lr=0.0001 sample_file=4,8,400,0.0001,4,,,,,,,.,/home/tasbolat/some_python_examples/data_VT_SNN/,30,399,0.4000000059604645,1.0,0.6851995587348938,7.276733526850876e-07,,,,,,,,,
71364e9f,vtsnn:viz_ann,2020-03-10 21:30:44,0:21:29,completed,batch_size=8 checkpoint_dir=. data_dir=/home/…/data_VT_SNN epochs=400 hidden_size=30 lr=0.0001 sample_file=4,8,400,0.0001,4,,,,,,,.,/home/tasbolat/some_python_examples/data_VT_SNN/,30,400,0.46666666865348816,1.0,0.3806907534599304,3.680586928567209e-07,,,,,,,,,
fbe3f861,vtsnn:mm_ann,2020-03-10 21:15:34,0:19:06,completed,batch_size=8 checkpoint_dir=. data_dir=/home/…/data_VT_SNN epochs=400 hidden_size=30 lr=0.0001 sample_file=3,8,400,0.0001,3,,,,,,,.,/home/tasbolat/some_python_examples/data_VT_SNN/,30,399,0.4000000059604645,1.0,0.5119427442550659,1.197060015556417e-07,,,,,,,,,
868e1f11,vtsnn:viz_ann,2020-03-10 21:09:11,0:21:33,completed,batch_size=8 checkpoint_dir=. data_dir=/home/…/data_VT_SNN epochs=400 hidden_size=30 lr=0.0001 sample_file=4,8,400,0.0001,4,,,,,,,.,/home/tasbolat/some_python_examples/data_VT_SNN/,30,399,0.4000000059604645,1.0,0.4719791114330292,3.2881897027436935e-07,,,,,,,,,
96e7c536,vtsnn:mm_ann,2020-03-10 20:56:25,0:19:08,completed,batch_size=8 checkpoint_dir=. data_dir=/home/…/data_VT_SNN epochs=400 hidden_size=30 lr=0.0001 sample_file=3,8,400,0.0001,3,,,,,,,.,/home/tasbolat/some_python_examples/data_VT_SNN/,30,399,0.5333333611488342,1.0,0.3782998323440552,1.01327898960335e-07,,,,,,,,,
f314ce08,vtsnn:viz_ann,2020-03-10 20:47:35,0:21:35,completed,batch_size=8 checkpoint_dir=. data_dir=/home/…/data_VT_SNN epochs=400 hidden_size=30 lr=0.0001 sample_file=3,8,400,0.0001,3,,,,,,,.,/home/tasbolat/some_python_examples/data_VT_SNN/,30,399,0.4333333373069763,1.0,0.3285442590713501,1.2169281262686127e-06,,,,,,,,,
8703f607,vtsnn:mm_ann,2020-03-10 20:37:35,0:18:50,completed,batch_size=8 checkpoint_dir=. data_dir=/home/…/data_VT_SNN epochs=400 hidden_size=30 lr=0.0001 sample_file=3,8,400,0.0001,3,,,,,,,.,/home/tasbolat/some_python_examples/data_VT_SNN/,30,400,0.5,1.0,0.4270591139793396,8.642673776648735e-08,,,,,,,,,
10c416b6,vtsnn:viz_ann,2020-03-10 20:25:57,0:21:38,completed,batch_size=8 checkpoint_dir=. data_dir=/home/…/data_VT_SNN epochs=400 hidden_size=30 lr=0.0001 sample_file=3,8,400,0.0001,3,,,,,,,.,/home/tasbolat/some_python_examples/data_VT_SNN/,30,400,0.5,1.0,0.3139907419681549,3.675619666410057e-07,,,,,,,,,
a2485011,vtsnn:mm_ann,2020-03-10 20:19:04,0:18:30,completed,batch_size=8 checkpoint_dir=. data_dir=/home/…/data_VT_SNN epochs=400 hidden_size=30 lr=0.0001 sample_file=2,8,400,0.0001,2,,,,,,,.,/home/tasbolat/some_python_examples/data_VT_SNN/,30,399,0.46666666865348816,1.0,0.4588785171508789,5.364417887676609e-08,,,,,,,,,
c7bc7710,vtsnn:viz_ann,2020-03-10 20:04:29,0:21:27,completed,batch_size=8 checkpoint_dir=. data_dir=/home/…/data_VT_SNN epochs=400 hidden_size=30 lr=0.0001 sample_file=3,8,400,0.0001,3,,,,,,,.,/home/tasbolat/some_python_examples/data_VT_SNN/,30,399,0.4000000059604645,1.0,0.4002969563007355,3.2385190706918365e-07,,,,,,,,,
7c78b7f9,vtsnn:mm_ann,2020-03-10 20:00:33,0:18:30,completed,batch_size=8 checkpoint_dir=. data_dir=/home/…/data_VT_SNN epochs=400 hidden_size=30 lr=0.0001 sample_file=2,8,400,0.0001,2,,,,,,,.,/home/tasbolat/some_python_examples/data_VT_SNN/,30,399,0.4833333194255829,1.0,0.5737334489822388,9.735425265944286e-08,,,,,,,,,
07afb34f,vtsnn:viz_ann,2020-03-10 19:42:39,0:21:49,completed,batch_size=8 checkpoint_dir=. data_dir=/home/…/data_VT_SNN epochs=400 hidden_size=30 lr=0.0001 sample_file=2,8,400,0.0001,2,,,,,,,.,/home/tasbolat/some_python_examples/data_VT_SNN/,30,400,0.5,1.0,0.3726896047592163,3.998478348421486e-07,,,,,,,,,
0468234a,vtsnn:mm_ann,2020-03-10 19:42:14,0:18:19,completed,batch_size=8 checkpoint_dir=. data_dir=/home/…/data_VT_SNN epochs=400 hidden_size=30 lr=0.0001 sample_file=2,8,400,0.0001,2,,,,,,,.,/home/tasbolat/some_python_examples/data_VT_SNN/,30,399,0.4166666567325592,1.0,0.6192067265510559,1.7136335372924805e-07,,,,,,,,,
818d4536,vtsnn:mm_ann,2020-03-10 19:24:08,0:18:05,completed,batch_size=8 checkpoint_dir=. data_dir=/home/…/data_VT_SNN epochs=400 hidden_size=30 lr=0.0001 sample_file=1,8,400,0.0001,1,,,,,,,.,/home/tasbolat/some_python_examples/data_VT_SNN/,30,400,0.4833333194255829,1.0,0.4028085172176361,2.8808910812472277e-08,,,,,,,,,
867bb70e,vtsnn:viz_ann,2020-03-10 19:21:10,0:21:28,completed,batch_size=8 checkpoint_dir=. data_dir=/home/…/data_VT_SNN epochs=400 hidden_size=30 lr=0.0001 sample_file=2,8,400,0.0001,2,,,,,,,.,/home/tasbolat/some_python_examples/data_VT_SNN/,30,400,0.4333333373069763,1.0,0.39794400334358215,4.3461719201332016e-07,,,,,,,,,
018255e8,vtsnn:mm_ann,2020-03-10 19:06:17,0:17:50,completed,batch_size=8 checkpoint_dir=. data_dir=/home/…/data_VT_SNN epochs=400 hidden_size=30 lr=0.0001 sample_file=1,8,400,0.0001,1,,,,,,,.,/home/tasbolat/some_python_examples/data_VT_SNN/,30,399,0.46666666865348816,1.0,0.5178540945053101,2.0811954470900673e-07,,,,,,,,,
71e849f5,vtsnn:viz_ann,2020-03-10 18:59:09,0:22:00,completed,batch_size=8 checkpoint_dir=. data_dir=/home/…/data_VT_SNN epochs=400 hidden_size=30 lr=0.0001 sample_file=2,8,400,0.0001,2,,,,,,,.,/home/tasbolat/some_python_examples/data_VT_SNN/,30,399,0.4833333194255829,1.0,0.2861381471157074,7.58965825298219e-07,,,,,,,,,
f4fc0459,vtsnn:mm_ann,2020-03-10 18:49:52,0:16:25,completed,batch_size=8 checkpoint_dir=. data_dir=/home/…/data_VT_SNN epochs=400 hidden_size=30 lr=0.0001 sample_file=1,8,400,0.0001,1,,,,,,,.,/home/tasbolat/some_python_examples/data_VT_SNN/,30,400,0.4333333373069763,1.0,0.6730487942695618,8.742014756535355e-08,,,,,,,,,
810e1e9f,vtsnn:viz_ann,2020-03-10 18:39:55,0:19:14,completed,batch_size=8 checkpoint_dir=. data_dir=/home/…/data_VT_SNN epochs=400 hidden_size=30 lr=0.0001 sample_file=1,8,400,0.0001,1,,,,,,,.,/home/tasbolat/some_python_examples/data_VT_SNN/,30,399,0.44999998807907104,1.0,0.38886433839797974,3.655751470432733e-07,,,,,,,,,
a22a3b21,vtsnn:viz_ann,2020-03-10 18:20:25,0:19:29,completed,batch_size=8 checkpoint_dir=. data_dir=/home/…/data_VT_SNN epochs=400 hidden_size=30 lr=0.0001 sample_file=1,8,400,0.0001,1,,,,,,,.,/home/tasbolat/some_python_examples/data_VT_SNN/,30,399,0.5,1.0,0.43117964267730713,3.2285848305946274e-07,,,,,,,,,
bddf68d5,vtsnn:viz_ann,2020-03-10 18:03:02,0:17:23,completed,batch_size=8 checkpoint_dir=. data_dir=/home/…/data_VT_SNN epochs=400 hidden_size=30 lr=0.0001 sample_file=1,8,400,0.0001,1,,,,,,,.,/home/tasbolat/some_python_examples/data_VT_SNN/,30,400,0.4333333373069763,1.0,0.44281813502311707,2.558032576871483e-07,,,,,,,,,
957a5982,vtsnn:tact_ann,2020-03-09 22:34:43,0:08:04,completed,batch_size=8 checkpoint_dir=. data_dir=/home/…/data_VT_SNN epochs=600 hidden_size=32 lr=0.0001 sample_file=5,8,600,0.0001,5,,,,,,,.,/home/tasbolat/some_python_examples/data_VT_SNN/,32,600,0.46666666865348816,1.0,0.2956525385379791,0.0011277017183601856,,,,,,,,,
b47c67ac,vtsnn:tact_ann,2020-03-09 22:26:37,0:08:05,completed,batch_size=8 checkpoint_dir=. data_dir=/home/…/data_VT_SNN epochs=600 hidden_size=32 lr=0.0001 sample_file=5,8,600,0.0001,5,,,,,,,.,/home/tasbolat/some_python_examples/data_VT_SNN/,32,600,0.46666666865348816,0.9958333373069763,0.2698492109775543,0.004295924212783575,,,,,,,,,
ce0fd5ac,vtsnn:tact_ann,2020-03-09 22:18:29,0:08:07,completed,batch_size=8 checkpoint_dir=. data_dir=/home/…/data_VT_SNN epochs=600 hidden_size=32 lr=0.0001 sample_file=5,8,600,0.0001,5,,,,,,,.,/home/tasbolat/some_python_examples/data_VT_SNN/,32,599,0.5,1.0,0.2806265950202942,0.003045884193852544,,,,,,,,,
a4edc2be,vtsnn:tact_ann,2020-03-09 22:10:21,0:08:08,completed,batch_size=8 checkpoint_dir=. data_dir=/home/…/data_VT_SNN epochs=600 hidden_size=32 lr=0.0001 sample_file=4,8,600,0.0001,4,,,,,,,.,/home/tasbolat/some_python_examples/data_VT_SNN/,32,599,0.46666666865348816,1.0,0.3434262275695801,0.0034510747063905,,,,,,,,,
798bb3f6,vtsnn:tact_ann,2020-03-09 22:02:13,0:08:07,completed,batch_size=8 checkpoint_dir=. data_dir=/home/…/data_VT_SNN epochs=600 hidden_size=32 lr=0.0001 sample_file=4,8,600,0.0001,4,,,,,,,.,/home/tasbolat/some_python_examples/data_VT_SNN/,32,599,0.550000011920929,0.9958333373069763,0.22473300993442535,0.0076750777661800385,,,,,,,,,
e54d288d,vtsnn:tact_ann,2020-03-09 21:54:06,0:08:07,completed,batch_size=8 checkpoint_dir=. data_dir=/home/…/data_VT_SNN epochs=600 hidden_size=32 lr=0.0001 sample_file=4,8,600,0.0001,4,,,,,,,.,/home/tasbolat/some_python_examples/data_VT_SNN/,32,599,0.5166666507720947,1.0,0.27468398213386536,0.0015768103767186403,,,,,,,,,
cf9db774,vtsnn:tact_ann,2020-03-09 21:45:59,0:08:06,completed,batch_size=8 checkpoint_dir=. data_dir=/home/…/data_VT_SNN epochs=600 hidden_size=32 lr=0.0001 sample_file=3,8,600,0.0001,3,,,,,,,.,/home/tasbolat/some_python_examples/data_VT_SNN/,32,600,0.4166666567325592,1.0,0.24315111339092255,0.003249737434089184,,,,,,,,,
3b61021d,vtsnn:tact_ann,2020-03-09 21:37:53,0:08:05,completed,batch_size=8 checkpoint_dir=. data_dir=/home/…/data_VT_SNN epochs=600 hidden_size=32 lr=0.0001 sample_file=3,8,600,0.0001,3,,,,,,,.,/home/tasbolat/some_python_examples/data_VT_SNN/,32,600,0.5333333611488342,1.0,0.26594626903533936,0.0009290379821322858,,,,,,,,,
e5942df8,vtsnn:tact_ann,2020-03-09 21:29:41,0:08:12,completed,batch_size=8 checkpoint_dir=. data_dir=/home/…/data_VT_SNN epochs=600 hidden_size=32 lr=0.0001 sample_file=3,8,600,0.0001,3,,,,,,,.,/home/tasbolat/some_python_examples/data_VT_SNN/,32,599,0.6000000238418579,1.0,0.1944628655910492,0.004182635340839624,,,,,,,,,
03c0d570,vtsnn:tact_ann,2020-03-09 21:21:30,0:08:10,completed,batch_size=8 checkpoint_dir=. data_dir=/home/…/data_VT_SNN epochs=600 hidden_size=32 lr=0.0001 sample_file=2,8,600,0.0001,2,,,,,,,.,/home/tasbolat/some_python_examples/data_VT_SNN/,32,599,0.6000000238418579,1.0,0.24146735668182373,0.004512446001172066,,,,,,,,,
f977633b,vtsnn:tact,2020-03-09 21:19:04,0:02:58,completed,batch_size=8 checkpoint_dir=. data_dir=/home/…/data_VT_SNN epochs=500 hidden_size=32 lr=0.01 sample_file=5 sc_false=5 sc_true=150 tsample=325 tsr_stop=325,8,500,0.01,5,,,,,,,.,/home/tasbolat/some_python_examples/data_VT_SNN/,32,500,0.75,1.0,109.63346099853516,1.3029744625091553,5,150,325,325,0.17369741201400757,0.1730220764875412,3510.160888671875,3559.055908203125,
f1ddc009,vtsnn:tact,2020-03-09 21:16:05,0:02:58,completed,batch_size=8 checkpoint_dir=. data_dir=/home/…/data_VT_SNN epochs=500 hidden_size=32 lr=0.01 sample_file=5 sc_false=5 sc_true=150 tsample=325 tsr_stop=325,8,500,0.01,5,,,,,,,.,/home/tasbolat/some_python_examples/data_VT_SNN/,32,500,0.75,1.0,105.36672973632812,0.6271795630455017,5,150,325,325,0.16357722878456116,0.16235579550266266,3291.040283203125,3371.630859375,
368a81dc,vtsnn:tact_ann,2020-03-09 21:13:11,0:08:18,completed,batch_size=8 checkpoint_dir=. data_dir=/home/…/data_VT_SNN epochs=600 hidden_size=32 lr=0.0001 sample_file=2,8,600,0.0001,2,,,,,,,.,/home/tasbolat/some_python_examples/data_VT_SNN/,32,600,0.550000011920929,1.0,0.22932706773281097,0.0022744645830243826,,,,,,,,,
685c4549,vtsnn:tact,2020-03-09 21:13:06,0:02:59,completed,batch_size=8 checkpoint_dir=. data_dir=/home/…/data_VT_SNN epochs=500 hidden_size=32 lr=0.01 sample_file=5 sc_false=5 sc_true=150 tsample=325 tsr_stop=325,8,500,0.01,5,,,,,,,.,/home/tasbolat/some_python_examples/data_VT_SNN/,32,500,0.699999988079071,0.9958333373069763,128.73269653320312,11.07974624633789,5,150,325,325,0.17585186660289764,0.1762412190437317,3794.721435546875,3865.087158203125,
53571d89,vtsnn:tact,2020-03-09 21:10:07,0:02:58,completed,batch_size=8 checkpoint_dir=. data_dir=/home/…/data_VT_SNN epochs=500 hidden_size=32 lr=0.01 sample_file=4 sc_false=5 sc_true=150 tsample=325 tsr_stop=325,8,500,0.01,4,,,,,,,.,/home/tasbolat/some_python_examples/data_VT_SNN/,32,500,0.699999988079071,1.0,106.80538177490234,0.7822564840316772,5,150,325,325,0.1468028873205185,0.14489224553108215,2788.0888671875,2869.88427734375,
7c7caf50,vtsnn:tact,2020-03-09 21:07:06,0:03:00,completed,batch_size=8 checkpoint_dir=. data_dir=/home/…/data_VT_SNN epochs=500 hidden_size=32 lr=0.01 sample_file=4 sc_false=5 sc_true=150 tsample=325 tsr_stop=325,8,500,0.01,4,,,,,,,.,/home/tasbolat/some_python_examples/data_VT_SNN/,32,500,0.6833333373069763,1.0,124.73750305175781,1.305846095085144,5,150,325,325,0.22600510716438293,0.23032252490520477,5123.05029296875,5375.11083984375,
02271a48,vtsnn:tact_ann,2020-03-09 21:04:50,0:08:21,completed,batch_size=8 checkpoint_dir=. data_dir=/home/…/data_VT_SNN epochs=600 hidden_size=32 lr=0.0001 sample_file=2,8,600,0.0001,2,,,,,,,.,/home/tasbolat/some_python_examples/data_VT_SNN/,32,599,0.4833333194255829,1.0,0.3351019024848938,0.004187996499240398,,,,,,,,,
b9468fc5,vtsnn:tact,2020-03-09 21:04:06,0:02:59,completed,batch_size=8 checkpoint_dir=. data_dir=/home/…/data_VT_SNN epochs=500 hidden_size=32 lr=0.01 sample_file=4 sc_false=5 sc_true=150 tsample=325 tsr_stop=325,8,500,0.01,4,,,,,,,.,/home/tasbolat/some_python_examples/data_VT_SNN/,32,500,0.7166666388511658,1.0,116.58038330078125,1.7325129508972168,5,150,325,325,0.18181639909744263,0.1850440949201584,3913.059814453125,4080.43603515625,
cf00727e,vtsnn:tact,2020-03-09 21:01:08,0:02:58,completed,batch_size=8 checkpoint_dir=. data_dir=/home/…/data_VT_SNN epochs=500 hidden_size=32 lr=0.01 sample_file=3 sc_false=5 sc_true=150 tsample=325 tsr_stop=325,8,500,0.01,3,,,,,,,.,/home/tasbolat/some_python_examples/data_VT_SNN/,32,500,0.6333333253860474,1.0,123.6919174194336,1.0271797180175781,5,150,325,325,0.20347659289836884,0.20391108095645905,4533.29248046875,4692.05712890625,
a3ebcef9,vtsnn:tact,2020-03-09 20:58:09,0:02:59,completed,batch_size=8 checkpoint_dir=. data_dir=/home/…/data_VT_SNN epochs=500 hidden_size=32 lr=0.01 sample_file=3 sc_false=5 sc_true=150 tsample=325 tsr_stop=325,8,500,0.01,3,,,,,,,.,/home/tasbolat/some_python_examples/data_VT_SNN/,32,500,0.6666666865348816,0.9958333373069763,121.03153228759766,6.379436016082764,5,150,325,325,0.19777344167232513,0.19681334495544434,4315.9658203125,4371.599609375,
23fc14ea,vtsnn:tact_ann,2020-03-09 20:56:21,0:08:28,completed,batch_size=8 checkpoint_dir=. data_dir=/home/…/data_VT_SNN epochs=600 hidden_size=32 lr=0.0001 sample_file=1,8,600,0.0001,1,,,,,,,.,/home/tasbolat/some_python_examples/data_VT_SNN/,32,599,0.44999998807907104,1.0,0.28737056255340576,0.0014564370503649116,,,,,,,,,
904f8e43,vtsnn:tact,2020-03-09 20:55:12,0:02:57,completed,batch_size=8 checkpoint_dir=. data_dir=/home/…/data_VT_SNN epochs=500 hidden_size=32 lr=0.01 sample_file=3 sc_false=5 sc_true=150 tsample=325 tsr_stop=325,8,500,0.01,3,,,,,,,.,/home/tasbolat/some_python_examples/data_VT_SNN/,32,500,0.699999988079071,0.9958333373069763,101.87364959716797,5.6567182540893555,5,150,325,325,0.18174880743026733,0.18596196174621582,3787.78955078125,4037.604736328125,
25507181,vtsnn:tact,2020-03-09 20:52:14,0:02:57,completed,batch_size=8 checkpoint_dir=. data_dir=/home/…/data_VT_SNN epochs=500 hidden_size=32 lr=0.01 sample_file=2 sc_false=5 sc_true=150 tsample=325 tsr_stop=325,8,500,0.01,2,,,,,,,.,/home/tasbolat/some_python_examples/data_VT_SNN/,32,500,0.6833333373069763,1.0,113.89230346679688,0.7833333611488342,5,150,325,325,0.15569260716438293,0.15753646194934845,3171.687744140625,3291.338134765625,
338f2624,vtsnn:tact,2020-03-09 20:49:18,0:02:56,completed,batch_size=8 checkpoint_dir=. data_dir=/home/…/data_VT_SNN epochs=500 hidden_size=32 lr=0.01 sample_file=2 sc_false=5 sc_true=150 tsample=325 tsr_stop=325,8,500,0.01,2,,,,,,,.,/home/tasbolat/some_python_examples/data_VT_SNN/,32,500,0.6499999761581421,1.0,111.42671966552734,0.9056410789489746,5,150,325,325,0.1829492300748825,0.1843850463628769,3973.665771484375,4062.385009765625,
9a648782,vtsnn:tact_ann,2020-03-09 20:48:02,0:08:19,completed,batch_size=8 checkpoint_dir=. data_dir=/home/…/data_VT_SNN epochs=600 hidden_size=32 lr=0.0001 sample_file=1,8,600,0.0001,1,,,,,,,.,/home/tasbolat/some_python_examples/data_VT_SNN/,32,600,0.5333333611488342,1.0,0.26366767287254333,0.0019395609851926565,,,,,,,,,
69c409a2,vtsnn:tact,2020-03-09 20:46:20,0:02:57,completed,batch_size=8 checkpoint_dir=. data_dir=/home/…/data_VT_SNN epochs=500 hidden_size=32 lr=0.01 sample_file=2 sc_false=5 sc_true=150 tsample=325 tsr_stop=325,8,500,0.01,2,,,,,,,.,/home/tasbolat/some_python_examples/data_VT_SNN/,32,500,0.6666666865348816,1.0,112.27845764160156,1.0314358472824097,5,150,325,325,0.20522235333919525,0.2054775506258011,4560.302734375,4670.404296875,
fa523a26,vtsnn:tact,2020-03-09 20:43:20,0:03:00,completed,batch_size=8 checkpoint_dir=. data_dir=/home/…/data_VT_SNN epochs=500 hidden_size=32 lr=0.01 sample_file=1 sc_false=5 sc_true=150 tsample=325 tsr_stop=325,8,500,0.01,1,,,,,,,.,/home/tasbolat/some_python_examples/data_VT_SNN/,32,500,0.6666666865348816,1.0,104.29769134521484,1.1182050704956055,5,150,325,325,0.1714317947626114,0.17455407977104187,3649.006591796875,3868.151611328125,
fa39ecfd,vtsnn:tact,2020-03-09 20:40:23,0:02:56,completed,batch_size=8 checkpoint_dir=. data_dir=/home/…/data_VT_SNN epochs=500 hidden_size=32 lr=0.01 sample_file=1 sc_false=5 sc_true=150 tsample=325 tsr_stop=325,8,500,0.01,1,,,,,,,.,/home/tasbolat/some_python_examples/data_VT_SNN/,32,500,0.7833333611488342,1.0,100.27922058105469,2.0671794414520264,5,150,325,325,0.17863881587982178,0.18099159002304077,4059.48681640625,4294.06982421875,
9befc7a4,vtsnn:tact_ann,2020-03-09 20:39:40,0:08:21,completed,batch_size=8 checkpoint_dir=. data_dir=/home/…/data_VT_SNN epochs=600 hidden_size=32 lr=0.0001 sample_file=1,8,600,0.0001,1,,,,,,,.,/home/tasbolat/some_python_examples/data_VT_SNN/,32,599,0.5333333611488342,1.0,0.2707827389240265,0.0013635206269100308,,,,,,,,,
0acd194f,vtsnn:tact,2020-03-09 20:37:30,0:02:52,completed,batch_size=8 checkpoint_dir=. data_dir=/home/…/data_VT_SNN epochs=500 hidden_size=32 lr=0.01 sample_file=1 sc_false=5 sc_true=150 tsample=325 tsr_stop=325,8,500,0.01,1,,,,,,,.,/home/tasbolat/some_python_examples/data_VT_SNN/,32,500,0.6333333253860474,1.0,127.49191284179688,4.616974830627441,5,150,325,325,0.16863881051540375,0.1663782149553299,3506.99169921875,3546.626953125,
ca717c0a,vtsnn:tact_ann,2020-03-09 20:24:50,0:09:03,completed,batch_size=8 checkpoint_dir=. data_dir=/home/…/data_VT_SNN epochs=600 hidden_size=32 lr=0.0001 sample_file=5,8,600,0.0001,5,,,,,,,.,/home/tasbolat/some_python_examples/data_VT_SNN/,32,600,0.4333333373069763,1.0,0.3535890579223633,0.0009022891754284501,,,,,,,,,
72d79331,vtsnn:tact_ann,2020-03-09 20:24:44,0:09:05,completed,batch_size=8 checkpoint_dir=. data_dir=/home/…/data_VT_SNN epochs=600 hidden_size=32 lr=0.0001 sample_file=5,8,600,0.0001,5,,,,,,,.,/home/tasbolat/some_python_examples/data_VT_SNN/,32,600,0.38333332538604736,1.0,0.3237352669239044,0.005436827428638935,,,,,,,,,
7b8f1255,vtsnn:tact_ann,2020-03-09 20:24:30,0:09:10,completed,batch_size=8 checkpoint_dir=. data_dir=/home/…/data_VT_SNN epochs=600 hidden_size=32 lr=0.0001 sample_file=5,8,600,0.0001,5,,,,,,,.,/home/tasbolat/some_python_examples/data_VT_SNN/,32,600,0.5166666507720947,1.0,0.31485456228256226,0.0019194759661331773,,,,,,,,,
f71e272e,vtsnn:tact_ann,2020-03-09 20:15:32,0:09:11,completed,batch_size=8 checkpoint_dir=. data_dir=/home/…/data_VT_SNN epochs=600 hidden_size=32 lr=0.0001 sample_file=4,8,600,0.0001,4,,,,,,,.,/home/tasbolat/some_python_examples/data_VT_SNN/,32,600,0.5333333611488342,0.987500011920929,0.28849977254867554,0.007732291705906391,,,,,,,,,
0c9288fc,vtsnn:tact_ann,2020-03-09 20:15:31,0:09:18,completed,batch_size=8 checkpoint_dir=. data_dir=/home/…/data_VT_SNN epochs=600 hidden_size=32 lr=0.0001 sample_file=4,8,600,0.0001,4,,,,,,,.,/home/tasbolat/some_python_examples/data_VT_SNN/,32,600,0.5333333611488342,1.0,0.3047593832015991,0.0031097321771085262,,,,,,,,,
96a5d489,vtsnn:tact_ann,2020-03-09 20:15:09,0:09:20,completed,batch_size=8 checkpoint_dir=. data_dir=/home/…/data_VT_SNN epochs=600 hidden_size=32 lr=0.0001 sample_file=4,8,600,0.0001,4,,,,,,,.,/home/tasbolat/some_python_examples/data_VT_SNN/,32,599,0.4833333194255829,1.0,0.27000224590301514,0.0028300450649112463,,,,,,,,,
3665bea8,vtsnn:tact_ann,2020-03-09 20:06:33,0:08:58,completed,batch_size=8 checkpoint_dir=. data_dir=/home/…/data_VT_SNN epochs=600 hidden_size=32 lr=0.0001 sample_file=3,8,600,0.0001,3,,,,,,,.,/home/tasbolat/some_python_examples/data_VT_SNN/,32,599,0.5833333134651184,1.0,0.27597537636756897,0.0022805992048233747,,,,,,,,,
bf88202a,vtsnn:tact_ann,2020-03-09 20:06:25,0:09:06,completed,batch_size=8 checkpoint_dir=. data_dir=/home/…/data_VT_SNN epochs=600 hidden_size=32 lr=0.0001 sample_file=3,8,600,0.0001,3,,,,,,,.,/home/tasbolat/some_python_examples/data_VT_SNN/,32,600,0.550000011920929,0.9958333373069763,0.28716593980789185,0.005156899336725473,,,,,,,,,
10887f09,vtsnn:tact_ann,2020-03-09 20:05:58,0:09:10,completed,batch_size=8 checkpoint_dir=. data_dir=/home/…/data_VT_SNN epochs=600 hidden_size=32 lr=0.0001 sample_file=3,8,600,0.0001,3,,,,,,,.,/home/tasbolat/some_python_examples/data_VT_SNN/,32,599,0.550000011920929,1.0,0.20193852484226227,0.0017893577460199594,,,,,,,,,
ce56ea48,vtsnn:tact_ann,2020-03-09 19:57:44,0:08:48,completed,batch_size=8 checkpoint_dir=. data_dir=/home/…/data_VT_SNN epochs=600 hidden_size=32 lr=0.0001 sample_file=2,8,600,0.0001,2,,,,,,,.,/home/tasbolat/some_python_examples/data_VT_SNN/,32,600,0.4000000059604645,1.0,0.3425958454608917,0.0013215169310569763,,,,,,,,,
2cd2d08b,vtsnn:tact_ann,2020-03-09 19:57:29,0:08:55,completed,batch_size=8 checkpoint_dir=. data_dir=/home/…/data_VT_SNN epochs=600 hidden_size=32 lr=0.0001 sample_file=2,8,600,0.0001,2,,,,,,,.,/home/tasbolat/some_python_examples/data_VT_SNN/,32,599,0.5333333611488342,0.9958333373069763,0.2704537808895111,0.0027468125335872173,,,,,,,,,
9cbed93a,vtsnn:tact_ann,2020-03-09 19:56:57,0:09:01,completed,batch_size=8 checkpoint_dir=. data_dir=/home/…/data_VT_SNN epochs=600 hidden_size=32 lr=0.0001 sample_file=2,8,600,0.0001,2,,,,,,,.,/home/tasbolat/some_python_examples/data_VT_SNN/,32,599,0.4833333194255829,1.0,0.2923148274421692,0.003776292549446225,,,,,,,,,
5aa85323,vtsnn:tact_ann,2020-03-09 19:48:48,0:08:55,completed,batch_size=8 checkpoint_dir=. data_dir=/home/…/data_VT_SNN epochs=600 hidden_size=32 lr=0.0001 sample_file=1,8,600,0.0001,1,,,,,,,.,/home/tasbolat/some_python_examples/data_VT_SNN/,32,599,0.4333333373069763,1.0,0.309394508600235,0.003007018705829978,,,,,,,,,
861c0b92,vtsnn:tact_ann,2020-03-09 19:48:36,0:08:52,completed,batch_size=8 checkpoint_dir=. data_dir=/home/…/data_VT_SNN epochs=600 hidden_size=32 lr=0.0001 sample_file=1,8,600,0.0001,1,,,,,,,.,/home/tasbolat/some_python_examples/data_VT_SNN/,32,600,0.4166666567325592,1.0,0.2947836220264435,0.002922189189121127,,,,,,,,,
db018837,vtsnn:tact_ann,2020-03-09 19:48:11,0:08:45,completed,batch_size=8 checkpoint_dir=. data_dir=/home/…/data_VT_SNN epochs=600 hidden_size=32 lr=0.0001 sample_file=1,8,600,0.0001,1,,,,,,,.,/home/tasbolat/some_python_examples/data_VT_SNN/,32,600,0.4166666567325592,1.0,0.2812318205833435,0.0027904072776436806,,,,,,,,,
41099bcf,vtsnn:mm,2020-03-06 20:43:57,0:31:40,completed,batch_size=8 checkpoint_dir=. data_dir=/home/…/data_VT_SNN epochs=500 lr=0.001 output_size=20 sample_file=5 sc_false=5 sc_true=150 tsample=325 tsr_stop=325,8,500,0.001,5,,,,,,,.,/home/tasbolat/some_python_examples/data_VT_SNN,,500,0.7833333611488342,1.0,96.36672973632812,0.7051795125007629,5,150,325,325,0.33669012784957886,0.33654913306236267,6114.9814453125,6132.90380859375,20
88cad422,vtsnn:mm,2020-03-06 20:42:45,0:32:18,completed,batch_size=8 checkpoint_dir=. data_dir=/home/…/data_VT_SNN epochs=500 lr=0.001 output_size=20 sample_file=5 sc_false=5 sc_true=150 tsample=325 tsr_stop=325,8,500,0.001,5,,,,,,,.,/home/tasbolat/some_python_examples/data_VT_SNN,,500,0.7333333492279053,1.0,93.51691436767578,0.5774872303009033,5,150,325,325,0.3172261714935303,0.3132399320602417,5363.04833984375,5334.7646484375,20
18654301,vtsnn:mm,2020-03-06 20:41:55,0:32:12,completed,batch_size=8 checkpoint_dir=. data_dir=/home/…/data_VT_SNN epochs=500 lr=0.001 output_size=20 sample_file=5 sc_false=5 sc_true=150 tsample=325 tsr_stop=325,8,500,0.001,5,,,,,,,.,/home/tasbolat/some_python_examples/data_VT_SNN,,500,0.8333333134651184,1.0,89.31230163574219,0.45502567291259766,5,150,325,325,0.35141050815582275,0.3526499569416046,6827.60009765625,6913.9755859375,20
97cbfa5c,vtsnn:mm,2020-03-06 20:40:29,0:32:49,completed,batch_size=8 checkpoint_dir=. data_dir=/home/…/data_VT_SNN epochs=500 lr=0.001 output_size=20 sample_file=5 sc_false=5 sc_true=150 tsample=325 tsr_stop=325,8,500,0.001,5,,,,,,,.,/home/tasbolat/some_python_examples/data_VT_SNN,,490,0.75,1.0,104.56999969482422,0.46487191319465637,5,150,325,325,0.33255311846733093,0.33372262120246887,6004.49462890625,6057.9326171875,20
3bfe748d,vtsnn:viz,2020-03-06 20:14:08,0:31:29,completed,batch_size=8 checkpoint_dir=. data_dir=/home/…/data_VT_SNN epochs=500 lr=0.01 output_size=20 sample_file=5 sc_false=5 sc_true=150 tsample=325 tsr_stop=325,8,500,0.01,5,,,,,,,.,/home/tasbolat/some_python_examples/data_VT_SNN/,,500,0.5333333611488342,0.9833333492279053,157.611328125,32.60641098022461,5,150,325,325,0.11649861931800842,0.1179194301366806,1519.9837646484375,1560.411376953125,20
4b766c63,vtsnn:mm,2020-03-06 20:02:40,0:41:17,completed,batch_size=8 checkpoint_dir=. data_dir=/home/…/data_VT_SNN epochs=500 lr=0.001 output_size=20 sample_file=4 sc_false=5 sc_true=150 tsample=325 tsr_stop=325,8,500,0.001,4,,,,,,,.,/home/tasbolat/some_python_examples/data_VT_SNN,,500,0.8500000238418579,1.0,72.75961303710938,0.8806154727935791,5,150,325,325,0.33398765325546265,0.33243322372436523,5757.26123046875,5833.38623046875,20
f11b6a53,vtsnn:mm,2020-03-06 20:01:28,0:40:27,completed,batch_size=8 checkpoint_dir=. data_dir=/home/…/data_VT_SNN epochs=500 lr=0.001 output_size=20 sample_file=4 sc_false=5 sc_true=150 tsample=325 tsr_stop=325,8,500,0.001,4,,,,,,,.,/home/tasbolat/some_python_examples/data_VT_SNN,,500,0.7833333611488342,1.0,93.7034683227539,1.1693333387374878,5,150,325,325,0.32671284675598145,0.3256947100162506,5867.6640625,5920.712890625,20
59ce984c,vtsnn:mm,2020-03-06 20:01:07,0:41:38,completed,batch_size=8 checkpoint_dir=. data_dir=/home/…/data_VT_SNN epochs=500 lr=0.001 output_size=20 sample_file=4 sc_false=5 sc_true=150 tsample=325 tsr_stop=325,8,500,0.001,4,,,,,,,.,/home/tasbolat/some_python_examples/data_VT_SNN,,500,0.8666666746139526,1.0,61.46692657470703,0.4282051920890808,5,150,325,325,0.3127392530441284,0.30936184525489807,5071.01611328125,5075.53857421875,20
2abb774f,vtsnn:mm,2020-03-06 19:59:48,0:40:40,completed,batch_size=8 checkpoint_dir=. data_dir=/home/…/data_VT_SNN epochs=500 lr=0.001 output_size=20 sample_file=4 sc_false=5 sc_true=150 tsample=325 tsr_stop=325,8,500,0.001,4,,,,,,,.,/home/tasbolat/some_python_examples/data_VT_SNN,,500,0.8500000238418579,1.0,69.48211669921875,0.5790769457817078,5,150,325,325,0.34903255105018616,0.34977981448173523,6484.564453125,6577.3046875,20
ce43a04c,vtsnn:viz,2020-03-06 19:41:31,0:32:36,completed,batch_size=8 checkpoint_dir=. data_dir=/home/…/data_VT_SNN epochs=500 lr=0.01 output_size=20 sample_file=4 sc_false=5 sc_true=150 tsample=325 tsr_stop=325,8,500,0.01,4,,,,,,,.,/home/tasbolat/some_python_examples/data_VT_SNN/,,500,0.5833333134651184,0.9458333253860474,141.23806762695312,43.21625518798828,5,150,325,325,0.11766394227743149,0.11758960783481598,1535.7891845703125,1555.8572998046875,20
8e8cbd53,vtsnn:tact,2020-03-06 19:13:45,0:31:18,completed,batch_size=8 checkpoint_dir=/…/logged_models data_dir=/home/…/data_VT_SNN epochs=500 hidden_size=32 lr=0.01 sample_file=5 sc_false=5 sc_true=150 tsample=325 tsr_stop=325,8,500,0.01,5,,,,,,,/home/tasbolat/some_python_examples/VT_SNN/logged_models/,/home/tasbolat/some_python_examples/data_VT_SNN/,32,490,0.75,0.9750000238418579,110.74884033203125,21.54533576965332,5,150,325,325,0.2021259069442749,0.2021390050649643,4358.9091796875,4493.9765625,
7be17fca,vtsnn:mm,2020-03-06 19:13:44,0:47:43,completed,batch_size=8 checkpoint_dir=. data_dir=/home/…/data_VT_SNN epochs=500 lr=0.001 output_size=20 sample_file=3 sc_false=5 sc_true=150 tsample=325 tsr_stop=325,8,500,0.001,3,,,,,,,.,/home/tasbolat/some_python_examples/data_VT_SNN,,500,0.7166666388511658,1.0,95.55326080322266,1.5480512380599976,5,150,325,325,0.3195613920688629,0.3211432099342346,5433.49609375,5592.30126953125,20
f3349397,vtsnn:mm,2020-03-06 19:13:36,0:49:03,completed,batch_size=8 checkpoint_dir=. data_dir=/home/…/data_VT_SNN epochs=500 lr=0.001 output_size=20 sample_file=3 sc_false=5 sc_true=150 tsample=325 tsr_stop=325,8,500,0.001,3,,,,,,,.,/home/tasbolat/some_python_examples/data_VT_SNN,,500,0.800000011920929,1.0,83.849609375,0.6816410422325134,5,150,325,325,0.32732418179512024,0.33161863684654236,6077.88671875,6304.68603515625,20
498b8d03,vtsnn:mm,2020-03-06 19:11:33,0:48:14,completed,batch_size=8 checkpoint_dir=. data_dir=/home/…/data_VT_SNN epochs=500 lr=0.001 output_size=20 sample_file=3 sc_false=5 sc_true=150 tsample=325 tsr_stop=325,8,500,0.001,3,,,,,,,.,/home/tasbolat/some_python_examples/data_VT_SNN,,500,0.8333333134651184,1.0,72.49269104003906,0.29753848910331726,5,150,325,325,0.31175851821899414,0.3136190176010132,5270.1201171875,5416.82421875,20
f2b77119,vtsnn:mm,2020-03-06 19:11:29,0:49:38,completed,batch_size=8 checkpoint_dir=. data_dir=/home/…/data_VT_SNN epochs=500 lr=0.001 output_size=20 sample_file=3 sc_false=5 sc_true=150 tsample=325 tsr_stop=325,8,500,0.001,3,,,,,,,.,/home/tasbolat/some_python_examples/data_VT_SNN,,500,0.8999999761581421,1.0,73.06537628173828,1.1442561149597168,5,150,325,325,0.3091839849948883,0.3139555752277374,5108.2109375,5328.5302734375,20
f62b71f7,vtsnn:viz,2020-03-06 18:44:10,0:57:21,completed,batch_size=8 checkpoint_dir=. data_dir=/home/…/data_VT_SNN epochs=500 lr=0.01 output_size=20 sample_file=3 sc_false=5 sc_true=150 tsample=325 tsr_stop=325,8,500,0.01,3,,,,,,,.,/home/tasbolat/some_python_examples/data_VT_SNN/,,500,0.6833333373069763,0.987500011920929,119.5167236328125,27.579898834228516,5,150,325,325,0.11690913885831833,0.11777736991643906,1522.8817138671875,1558.8477783203125,20
036bc9d2,vtsnn:tact,2020-03-06 18:25:26,0:48:17,completed,batch_size=8 checkpoint_dir=/…/logged_models data_dir=/home/…/data_VT_SNN epochs=500 hidden_size=32 lr=0.01 sample_file=4 sc_false=5 sc_true=150 tsample=325 tsr_stop=325,8,500,0.01,4,,,,,,,/home/tasbolat/some_python_examples/VT_SNN/logged_models/,/home/tasbolat/some_python_examples/data_VT_SNN/,32,500,0.7333333492279053,1.0,114.20672607421875,0.8971795439720154,5,150,325,325,0.18272987008094788,0.1818505823612213,4193.76171875,4249.9033203125,
7936d875,vtsnn:viz,2020-03-06 17:57:40,1:14:12,completed,batch_size=8 checkpoint_dir=. data_dir=/home/…/data_VT_SNN epochs=500 lr=0.01 output_size=20 sample_file=5 sc_false=5 sc_true=150 tsample=325 tsr_stop=325,8,500,0.01,5,,,,,,,.,/home/tasbolat/some_python_examples/data_VT_SNN/,,500,0.6166666746139526,0.949999988079071,132.86114501953125,40.41881561279297,5,150,325,325,0.11649861931800842,0.1179194301366806,1519.9837646484375,1560.411376953125,20
e64ed1af,vtsnn:mm,2020-03-06 17:57:21,1:16:22,completed,batch_size=8 checkpoint_dir=. data_dir=/home/…/data_VT_SNN epochs=500 lr=0.001 output_size=20 sample_file=2 sc_false=5 sc_true=150 tsample=325 tsr_stop=325,8,500,0.001,2,,,,,,,.,/home/tasbolat/some_python_examples/data_VT_SNN,,500,0.8666666746139526,1.0,70.4324951171875,0.2821538746356964,5,150,325,325,0.3375309705734253,0.3334326148033142,6286.45361328125,6226.13623046875,20
c19cd94b,vtsnn:mm,2020-03-06 17:56:53,1:16:43,completed,batch_size=8 checkpoint_dir=. data_dir=/home/…/data_VT_SNN epochs=500 lr=0.001 output_size=20 sample_file=2 sc_false=5 sc_true=150 tsample=325 tsr_stop=325,8,500,0.001,2,,,,,,,.,/home/tasbolat/some_python_examples/data_VT_SNN,,500,0.75,1.0,91.23153686523438,0.40415385365486145,5,150,325,325,0.3186511695384979,0.3189236521720886,5419.39599609375,5431.75048828125,20
28242df7,vtsnn:viz,2020-03-06 17:55:59,1:14:46,completed,batch_size=8 checkpoint_dir=. data_dir=/home/…/data_VT_SNN epochs=500 lr=0.01 output_size=20 sample_file=5 sc_false=5 sc_true=150 tsample=325 tsr_stop=325,8,500,0.01,5,,,,,,,.,/home/tasbolat/some_python_examples/data_VT_SNN/,,500,0.550000011920929,0.9624999761581421,142.60018920898438,39.762718200683594,5,150,325,325,0.11649861931800842,0.1179194301366806,1519.9837646484375,1560.411376953125,20
9f630158,vtsnn:mm,2020-03-06 17:55:26,1:16:07,completed,batch_size=8 checkpoint_dir=. data_dir=/home/…/data_VT_SNN epochs=500 lr=0.001 output_size=20 sample_file=2 sc_false=5 sc_true=150 tsample=325 tsr_stop=325,8,500,0.001,2,,,,,,,.,/home/tasbolat/some_python_examples/data_VT_SNN,,500,0.8166666626930237,1.0,79.53384399414062,0.5921539068222046,5,150,325,325,0.30501413345336914,0.30420824885368347,5057.39111328125,5109.72021484375,20
0ee679b3,vtsnn:viz,2020-03-06 17:55:05,1:14:06,completed,batch_size=8 checkpoint_dir=. data_dir=/home/…/data_VT_SNN epochs=500 lr=0.01 output_size=20 sample_file=5 sc_false=5 sc_true=150 tsample=325 tsr_stop=325,8,500,0.01,5,,,,,,,.,/home/tasbolat/some_python_examples/data_VT_SNN/,,500,0.6333333253860474,0.925000011920929,122.40940856933594,61.68147659301758,5,150,325,325,0.11649861931800842,0.1179194301366806,1519.9837646484375,1560.411376953125,20
44bd3790,vtsnn:mm,2020-03-06 17:54:43,1:16:45,completed,batch_size=8 checkpoint_dir=. data_dir=/home/…/data_VT_SNN epochs=500 lr=0.001 output_size=20 sample_file=2 sc_false=5 sc_true=150 tsample=325 tsr_stop=325,8,500,0.001,2,,,,,,,.,/home/tasbolat/some_python_examples/data_VT_SNN,,500,0.8500000238418579,1.0,73.25288391113281,0.25579485297203064,5,150,325,325,0.3308458924293518,0.32727938890457153,6005.435546875,5900.6220703125,20
b0b8d0f8,vtsnn:tact,2020-03-06 17:35:32,0:49:54,completed,batch_size=8 checkpoint_dir=/…/logged_models data_dir=/home/…/data_VT_SNN epochs=500 hidden_size=32 lr=0.01 sample_file=3 sc_false=5 sc_true=150 tsample=325 tsr_stop=325,8,500,0.01,3,,,,,,,/home/tasbolat/some_python_examples/VT_SNN/logged_models/,/home/tasbolat/some_python_examples/data_VT_SNN/,32,500,0.6499999761581421,1.0,127.53211975097656,1.9215898513793945,5,150,325,325,0.17038312554359436,0.1744050532579422,3490.882080078125,3677.31298828125,
e953ba89,vtsnn:viz,2020-03-06 17:28:49,1:15:20,completed,batch_size=8 checkpoint_dir=. data_dir=/home/…/data_VT_SNN epochs=500 lr=0.01 output_size=20 sample_file=2 sc_false=5 sc_true=150 tsample=325 tsr_stop=325,8,500,0.01,2,,,,,,,.,/home/tasbolat/some_python_examples/data_VT_SNN/,,500,0.550000011920929,0.9416666626930237,176.17115783691406,41.50553894042969,5,150,325,325,0.11927776038646698,0.11715611070394516,1635.7274169921875,1528.9581298828125,20
101a88b5,vtsnn:tact,2020-03-06 16:46:06,0:49:26,completed,batch_size=8 checkpoint_dir=/…/logged_models data_dir=/home/…/data_VT_SNN epochs=500 hidden_size=32 lr=0.01 sample_file=2 sc_false=5 sc_true=150 tsample=325 tsr_stop=325,8,500,0.01,2,,,,,,,/home/tasbolat/some_python_examples/VT_SNN/logged_models/,/home/tasbolat/some_python_examples/data_VT_SNN/,32,490,0.7666666507720947,1.0,105.13345336914062,1.398256540298462,5,150,325,325,0.13192157447338104,0.13964062929153442,2441.398193359375,2737.852783203125,
c5ab5e32,vtsnn:viz,2020-03-06 16:43:32,1:14:07,completed,batch_size=8 checkpoint_dir=. data_dir=/home/…/data_VT_SNN epochs=500 lr=0.01 output_size=20 sample_file=4 sc_false=5 sc_true=150 tsample=325 tsr_stop=325,8,500,0.01,4,,,,,,,.,/home/tasbolat/some_python_examples/data_VT_SNN/,,500,0.46666666865348816,0.9291666746139526,235.8455810546875,46.703495025634766,5,150,325,325,0.11766394227743149,0.11758960783481598,1535.7891845703125,1555.8572998046875,20
01b34208,vtsnn:viz,2020-03-06 16:42:04,1:13:01,completed,batch_size=8 checkpoint_dir=. data_dir=/home/…/data_VT_SNN epochs=500 lr=0.01 output_size=20 sample_file=4 sc_false=5 sc_true=150 tsample=325 tsr_stop=325,8,500,0.01,4,,,,,,,.,/home/tasbolat/some_python_examples/data_VT_SNN/,,500,0.6000000238418579,0.949999988079071,132.32998657226562,52.699337005615234,5,150,325,325,0.11766394227743149,0.11758960783481598,1535.7891845703125,1555.8572998046875,20
8415e893,vtsnn:viz,2020-03-06 16:41:53,1:14:05,completed,batch_size=8 checkpoint_dir=. data_dir=/home/…/data_VT_SNN epochs=500 lr=0.01 output_size=20 sample_file=4 sc_false=5 sc_true=150 tsample=325 tsr_stop=325,8,500,0.01,4,,,,,,,.,/home/tasbolat/some_python_examples/data_VT_SNN/,,500,0.6499999761581421,0.9750000238418579,138.26808166503906,27.22615623474121,5,150,325,325,0.11766394227743149,0.11758960783481598,1535.7891845703125,1555.8572998046875,20
3c4627f7,vtsnn:mm,2020-03-06 16:39:55,1:17:25,completed,batch_size=8 checkpoint_dir=. data_dir=/home/…/data_VT_SNN epochs=500 lr=0.001 output_size=20 sample_file=1 sc_false=5 sc_true=150 tsample=325 tsr_stop=325,8,500,0.001,1,,,,,,,.,/home/tasbolat/some_python_examples/data_VT_SNN,,500,0.8166666626930237,1.0,76.4638442993164,0.3828718662261963,5,150,325,325,0.3283374309539795,0.32959476113319397,5722.22021484375,5911.373046875,20
f498ae3c,vtsnn:mm,2020-03-06 16:39:50,1:17:03,completed,batch_size=8 checkpoint_dir=. data_dir=/home/…/data_VT_SNN epochs=500 lr=0.001 output_size=20 sample_file=1 sc_false=5 sc_true=150 tsample=325 tsr_stop=325,8,500,0.001,1,,,,,,,.,/home/tasbolat/some_python_examples/data_VT_SNN,,500,0.8333333134651184,1.0,90.0669174194336,1.1539487838745117,5,150,325,325,0.3184399902820587,0.32261016964912415,5452.9091796875,5763.9541015625,20
f4687e8a,vtsnn:mm,2020-03-06 16:39:45,1:15:40,completed,batch_size=8 checkpoint_dir=. data_dir=/home/…/data_VT_SNN epochs=500 lr=0.001 output_size=20 sample_file=1 sc_false=5 sc_true=150 tsample=325 tsr_stop=325,8,500,0.001,1,,,,,,,.,/home/tasbolat/some_python_examples/data_VT_SNN,,500,0.7833333611488342,1.0,91.39402770996094,0.4258461892604828,5,150,325,325,0.3199247717857361,0.3235125243663788,5542.572265625,5779.25341796875,20
31ee3d8d,vtsnn:mm,2020-03-06 16:39:40,1:15:03,completed,batch_size=8 checkpoint_dir=. data_dir=/home/…/data_VT_SNN epochs=500 lr=0.001 output_size=20 sample_file=1 sc_false=5 sc_true=150 tsample=325 tsr_stop=325,8,500,0.001,1,,,,,,,.,/home/tasbolat/some_python_examples/data_VT_SNN,,500,0.800000011920929,1.0,78.22845458984375,5.745641708374023,5,150,325,325,0.32298964262008667,0.323609322309494,5548.60595703125,5717.259765625,20
1e7001ac,vtsnn:tact,2020-03-06 16:24:51,0:21:14,completed,batch_size=8 checkpoint_dir=/…/logged_models data_dir=/home/…/data_VT_SNN epochs=500 hidden_size=32 lr=0.01 sample_file=1 sc_false=5 sc_true=150 tsample=325 tsr_stop=325,8,500,0.01,1,,,,,,,/home/tasbolat/some_python_examples/VT_SNN/logged_models/,/home/tasbolat/some_python_examples/data_VT_SNN/,32,490,0.7666666507720947,1.0,96.06230163574219,2.399230718612671,5,150,325,325,0.2715640068054199,0.27275121212005615,6582.29931640625,6713.43505859375,
c16dcf42,vtsnn:viz,2020-03-06 16:24:38,1:04:11,completed,batch_size=8 checkpoint_dir=. data_dir=/home/…/data_VT_SNN epochs=500 lr=0.01 output_size=20 sample_file=1 sc_false=5 sc_true=150 tsample=325 tsr_stop=325,8,500,0.01,1,,,,,,,.,/home/tasbolat/some_python_examples/data_VT_SNN/,,500,0.550000011920929,0.9666666388511658,163.31808471679688,41.50857162475586,5,150,325,325,0.11795279383659363,0.11750952899456024,1538.03466796875,1555.20166015625,20
f9c2a1b4,vtsnn:viz,2020-03-06 16:05:05,0:38:26,completed,batch_size=8 checkpoint_dir=. data_dir=/home/…/data_VT_SNN epochs=500 lr=0.01 output_size=20 sample_file=3 sc_false=5 sc_true=150 tsample=325 tsr_stop=325,8,500,0.01,3,,,,,,,.,/home/tasbolat/some_python_examples/data_VT_SNN/,,500,0.6166666746139526,0.9416666626930237,130.54443359375,48.427486419677734,5,150,325,325,0.11690913885831833,0.11777736991643906,1522.8817138671875,1558.8477783203125,20
8acd702e,vtsnn:viz,2020-03-06 16:04:33,0:37:20,completed,batch_size=8 checkpoint_dir=. data_dir=/home/…/data_VT_SNN epochs=500 lr=0.01 output_size=20 sample_file=3 sc_false=5 sc_true=150 tsample=325 tsr_stop=325,8,500,0.01,3,,,,,,,.,/home/tasbolat/some_python_examples/data_VT_SNN/,,500,0.6333333253860474,0.9624999761581421,125.98095703125,43.0936393737793,5,150,325,325,0.11690913885831833,0.11777736991643906,1522.8817138671875,1558.8477783203125,20
ef330292,vtsnn:viz,2020-03-06 16:04:21,0:37:42,completed,batch_size=8 checkpoint_dir=. data_dir=/home/…/data_VT_SNN epochs=500 lr=0.01 output_size=20 sample_file=3 sc_false=5 sc_true=150 tsample=325 tsr_stop=325,8,500,0.01,3,,,,,,,.,/home/tasbolat/some_python_examples/data_VT_SNN/,,500,0.6166666746139526,0.9583333134651184,137.58653259277344,43.6162109375,5,150,325,325,0.11690913885831833,0.11777736991643906,1522.8817138671875,1558.8477783203125,20
55f0f2b2,vtsnn:tact,2020-03-06 15:51:21,0:26:23,completed,batch_size=8 checkpoint_dir=/…/logged_models data_dir=/home/…/data_VT_SNN epochs=500 hidden_size=32 lr=0.01 sample_file=5 sc_false=5 sc_true=150 tsample=325 tsr_stop=325,8,500,0.01,5,,,,,,,/home/tasbolat/some_python_examples/VT_SNN/logged_models/,/home/tasbolat/some_python_examples/data_VT_SNN/,32,500,0.6499999761581421,0.9958333373069763,120.51826477050781,9.000616073608398,5,150,325,325,0.21791617572307587,0.2162535935640335,4957.29443359375,4974.75146484375,
b3b4c2c4,vtsnn:tact,2020-03-06 15:41:25,0:33:16,completed,batch_size=8 checkpoint_dir=/…/logged_models data_dir=/home/…/data_VT_SNN epochs=500 hidden_size=32 lr=0.01 sample_file=5 sc_false=5 sc_true=150 tsample=325 tsr_stop=325,8,500,0.01,5,,,,,,,/home/tasbolat/some_python_examples/VT_SNN/logged_models/,/home/tasbolat/some_python_examples/data_VT_SNN/,32,500,0.7333333492279053,1.0,110.39115905761719,0.9466667175292969,5,150,325,325,0.21531249582767487,0.21115505695343018,5025.33056640625,5008.31982421875,
fccff983,vtsnn:tact,2020-03-06 15:40:31,0:33:33,completed,batch_size=8 checkpoint_dir=/…/logged_models data_dir=/home/…/data_VT_SNN epochs=500 hidden_size=32 lr=0.01 sample_file=5 sc_false=5 sc_true=150 tsample=325 tsr_stop=325,8,500,0.01,5,,,,,,,/home/tasbolat/some_python_examples/VT_SNN/logged_models/,/home/tasbolat/some_python_examples/data_VT_SNN/,32,490,0.6333333253860474,1.0,116.81268310546875,1.186718225479126,5,150,325,325,0.22129356861114502,0.2217768430709839,5108.85205078125,5229.30810546875,
591c4e29,vtsnn:tact,2020-03-06 15:17:31,0:33:49,completed,batch_size=8 checkpoint_dir=/…/logged_models data_dir=/home/…/data_VT_SNN epochs=500 hidden_size=32 lr=0.01 sample_file=4 sc_false=5 sc_true=150 tsample=325 tsr_stop=325,8,500,0.01,4,,,,,,,/home/tasbolat/some_python_examples/VT_SNN/logged_models/,/home/tasbolat/some_python_examples/data_VT_SNN/,32,490,0.75,1.0,108.28288269042969,1.2252821922302246,5,150,325,325,0.165157750248909,0.1642816662788391,3342.058837890625,3431.3076171875,
6a60c821,vtsnn:viz,2020-03-06 15:13:23,0:51:41,completed,batch_size=8 checkpoint_dir=. data_dir=/home/…/data_VT_SNN epochs=500 lr=0.01 output_size=20 sample_file=2 sc_false=5 sc_true=150 tsample=325 tsr_stop=325,8,500,0.01,2,,,,,,,.,/home/tasbolat/some_python_examples/data_VT_SNN/,,500,0.550000011920929,0.9541666507720947,161.63864135742188,40.37410354614258,5,150,325,325,0.11927776038646698,0.11715611070394516,1635.7274169921875,1528.9581298828125,20
ea554be8,vtsnn:viz,2020-03-06 15:13:01,0:51:19,completed,batch_size=8 checkpoint_dir=. data_dir=/home/…/data_VT_SNN epochs=500 lr=0.01 output_size=20 sample_file=2 sc_false=5 sc_true=150 tsample=325 tsr_stop=325,8,500,0.01,2,,,,,,,.,/home/tasbolat/some_python_examples/data_VT_SNN/,,490,0.5,0.9541666507720947,168.33518981933594,38.003997802734375,5,150,325,325,0.11927776038646698,0.11715611070394516,1635.7274169921875,1528.9581298828125,20
49e94613,vtsnn:viz,2020-03-06 15:12:51,0:51:41,completed,batch_size=8 checkpoint_dir=. data_dir=/home/…/data_VT_SNN epochs=500 lr=0.01 output_size=20 sample_file=2 sc_false=5 sc_true=150 tsample=325 tsr_stop=325,8,500,0.01,2,,,,,,,.,/home/tasbolat/some_python_examples/data_VT_SNN/,,500,0.46666666865348816,0.9624999761581421,200.03440856933594,44.9578971862793,5,150,325,325,0.11927776038646698,0.11715611070394516,1635.7274169921875,1528.9581298828125,20
58accdc8,vtsnn:tact,2020-03-06 15:08:02,0:33:22,completed,batch_size=8 checkpoint_dir=/…/logged_models data_dir=/home/…/data_VT_SNN epochs=500 hidden_size=32 lr=0.01 sample_file=4 sc_false=5 sc_true=150 tsample=325 tsr_stop=325,8,500,0.01,4,,,,,,,/home/tasbolat/some_python_examples/VT_SNN/logged_models/,/home/tasbolat/some_python_examples/data_VT_SNN/,32,490,0.699999988079071,0.9791666865348816,119.59556579589844,13.825695037841797,5,150,325,325,0.2146138697862625,0.20872478187084198,4733.46337890625,4659.30029296875,
491a83ea,vtsnn:tact,2020-03-06 15:06:58,0:33:32,completed,batch_size=8 checkpoint_dir=/…/logged_models data_dir=/home/…/data_VT_SNN epochs=500 hidden_size=32 lr=0.01 sample_file=4 sc_false=5 sc_true=150 tsample=325 tsr_stop=325,8,500,0.01,4,,,,,,,/home/tasbolat/some_python_examples/VT_SNN/logged_models/,/home/tasbolat/some_python_examples/data_VT_SNN/,32,500,0.6166666746139526,1.0,123.85462188720703,2.2110769748687744,5,150,325,325,0.21368539333343506,0.21014581620693207,4993.25146484375,4985.04931640625,
537c9a52,vtsnn:tact,2020-03-06 14:44:09,0:33:22,completed,batch_size=8 checkpoint_dir=/…/logged_models data_dir=/home/…/data_VT_SNN epochs=500 hidden_size=32 lr=0.01 sample_file=3 sc_false=5 sc_true=150 tsample=325 tsr_stop=325,8,500,0.01,3,,,,,,,/home/tasbolat/some_python_examples/VT_SNN/logged_models/,/home/tasbolat/some_python_examples/data_VT_SNN/,32,490,0.699999988079071,1.0,122.51980590820312,2.1816413402557373,5,150,325,325,0.16982270777225494,0.1706898957490921,3696.54150390625,3820.900146484375,
9addd78d,vtsnn:tact,2020-03-06 14:36:07,0:31:55,completed,batch_size=8 checkpoint_dir=/…/logged_models data_dir=/home/…/data_VT_SNN epochs=500 hidden_size=32 lr=0.01 sample_file=3 sc_false=5 sc_true=150 tsample=325 tsr_stop=325,8,500,0.01,3,,,,,,,/home/tasbolat/some_python_examples/VT_SNN/logged_models/,/home/tasbolat/some_python_examples/data_VT_SNN/,32,500,0.6833333373069763,1.0,104.377685546875,3.7591798305511475,5,150,325,325,0.18692606687545776,0.18877004086971283,3964.10595703125,4133.900390625,
0e60a902,vtsnn:tact,2020-03-06 14:35:08,0:31:50,completed,batch_size=8 checkpoint_dir=/…/logged_models data_dir=/home/…/data_VT_SNN epochs=500 hidden_size=32 lr=0.01 sample_file=3 sc_false=5 sc_true=150 tsample=325 tsr_stop=325,8,500,0.01,3,,,,,,,/home/tasbolat/some_python_examples/VT_SNN/logged_models/,/home/tasbolat/some_python_examples/data_VT_SNN/,32,500,0.7333333492279053,0.9958333373069763,100.48307037353516,7.138461589813232,5,150,325,325,0.22389572858810425,0.22665546834468842,5108.3388671875,5251.94580078125,
ca4352b4,vtsnn:viz,2020-03-06 14:24:03,0:49:19,completed,batch_size=8 checkpoint_dir=. data_dir=/home/…/data_VT_SNN epochs=500 lr=0.01 output_size=20 sample_file=1 sc_false=5 sc_true=150 tsample=325 tsr_stop=325,8,500,0.01,1,,,,,,,.,/home/tasbolat/some_python_examples/data_VT_SNN/,,500,0.5166666507720947,0.9791666865348816,151.41845703125,37.22666549682617,5,150,325,325,0.11795279383659363,0.11750952899456024,1538.03466796875,1555.20166015625,20
97285ff3,vtsnn:viz,2020-03-06 14:23:56,0:49:04,completed,batch_size=8 checkpoint_dir=. data_dir=/home/…/data_VT_SNN epochs=500 lr=0.01 output_size=20 sample_file=1 sc_false=5 sc_true=150 tsample=325 tsr_stop=325,8,500,0.01,1,,,,,,,.,/home/tasbolat/some_python_examples/data_VT_SNN/,,500,0.5833333134651184,0.9708333611488342,143.14981079101562,36.164825439453125,5,150,325,325,0.11795279383659363,0.11750952899456024,1538.03466796875,1555.20166015625,20
4fdf9646,vtsnn:viz,2020-03-06 14:23:51,0:48:59,completed,batch_size=8 checkpoint_dir=. data_dir=/home/…/data_VT_SNN epochs=500 lr=0.01 output_size=20 sample_file=1 sc_false=5 sc_true=150 tsample=325 tsr_stop=325,8,500,0.01,1,,,,,,,.,/home/tasbolat/some_python_examples/data_VT_SNN/,,500,0.6833333373069763,0.9833333492279053,126.76038360595703,24.570924758911133,5,150,325,325,0.11795279383659363,0.11750952899456024,1538.03466796875,1555.20166015625,20
4dbd86c7,vtsnn:tact,2020-03-06 14:19:58,0:24:10,completed,batch_size=8 checkpoint_dir=/…/logged_models data_dir=/home/…/data_VT_SNN epochs=500 hidden_size=32 lr=0.01 sample_file=2 sc_false=5 sc_true=150 tsample=325 tsr_stop=325,8,500,0.01,2,,,,,,,/home/tasbolat/some_python_examples/VT_SNN/logged_models/,/home/tasbolat/some_python_examples/data_VT_SNN/,32,490,0.6666666865348816,1.0,117.09883880615234,1.6140004396438599,5,150,325,325,0.195932999253273,0.2049531191587448,4254.7666015625,4600.83056640625,
c213f98c,vtsnn:tact,2020-03-06 14:18:28,0:17:38,completed,batch_size=8 checkpoint_dir=/…/logged_models data_dir=/home/…/data_VT_SNN epochs=500 hidden_size=32 lr=0.01 sample_file=2 sc_false=5 sc_true=150 tsample=325 tsr_stop=325,8,500,0.01,2,,,,,,,/home/tasbolat/some_python_examples/VT_SNN/logged_models/,/home/tasbolat/some_python_examples/data_VT_SNN/,32,490,0.75,1.0,100.23306274414062,0.9712308645248413,5,150,325,325,0.15547776222229004,0.15994791686534882,3306.74609375,3488.4462890625,
185e24e3,vtsnn:tact,2020-03-06 14:18:15,0:16:52,completed,batch_size=8 checkpoint_dir=/…/logged_models data_dir=/home/…/data_VT_SNN epochs=500 hidden_size=32 lr=0.01 sample_file=2 sc_false=5 sc_true=150 tsample=325 tsr_stop=325,8,500,0.01,2,,,,,,,/home/tasbolat/some_python_examples/VT_SNN/logged_models/,/home/tasbolat/some_python_examples/data_VT_SNN/,32,490,0.699999988079071,1.0,107.38095092773438,0.8412308692932129,5,150,325,325,0.15862229466438293,0.16242028772830963,3246.343505859375,3456.98779296875,
13e0fadc,vtsnn:tact,2020-03-06 14:10:28,0:08:00,completed,batch_size=8 checkpoint_dir=/…/logged_models data_dir=/home/…/data_VT_SNN epochs=500 hidden_size=32 lr=0.01 sample_file=1 sc_false=5 sc_true=150 tsample=325 tsr_stop=325,8,500,0.01,1,,,,,,,/home/tasbolat/some_python_examples/VT_SNN/logged_models/,/home/tasbolat/some_python_examples/data_VT_SNN/,32,500,0.6499999761581421,1.0,125.04461669921875,2.846769332885742,5,150,325,325,0.20656849443912506,0.20565304160118103,4581.85693359375,4713.1123046875,
f39c0853,vtsnn:tact,2020-03-06 14:10:21,0:07:53,completed,batch_size=8 checkpoint_dir=/…/logged_models data_dir=/home/…/data_VT_SNN epochs=500 hidden_size=32 lr=0.01 sample_file=1 sc_false=5 sc_true=150 tsample=325 tsr_stop=325,8,500,0.01,1,,,,,,,/home/tasbolat/some_python_examples/VT_SNN/logged_models/,/home/tasbolat/some_python_examples/data_VT_SNN/,32,490,0.7333333492279053,1.0,107.3767318725586,2.283487558364868,5,150,325,325,0.22623799741268158,0.2253601998090744,5057.3798828125,5153.46142578125,
7b57d548,vtsnn:tact,2020-03-06 14:10:15,0:09:43,completed,batch_size=8 checkpoint_dir=/…/logged_models data_dir=/home/…/data_VT_SNN epochs=500 hidden_size=32 lr=0.01 sample_file=1 sc_false=5 sc_true=150 tsample=325 tsr_stop=325,8,500,0.01,1,,,,,,,/home/tasbolat/some_python_examples/VT_SNN/logged_models/,/home/tasbolat/some_python_examples/data_VT_SNN/,32,490,0.7333333492279053,1.0,107.23633575439453,0.9216411709785461,5,150,325,325,0.21004356443881989,0.2095416635274887,4757.56787109375,4901.31396484375,
