run,operation,started,time,status,label,batch_size,prob,epochs,tsample,tsr_stop,sc_true,sc_false,lr,sample_file,theta,tauRho,loss_type,loss_train,max_acc_train,loss_test,acc_test,acc_train,max_acc_test,hidden_size,path,bin_duration,blacklist_path,modes,n_sample_per_object,remove_outlier,save_dir,selection,tactile_path,threshold,trajectory_path,video_path,checkpoint_dir,data_dir,step,acc/test,acc/train,loss/test,loss/train,output_size,weightFunction,l1_loss/test,l1_loss/train,l2_loss/test,l2_loss/train,tsr_start
ded9e900,vtsnn:mm-snn,2020-05-29 11:38:03,0:16:30,running,batch_size=8 checkpoint_dir=. data_dir=/…/data_VT_SNN_new epochs=500 loss_type=1 lr=0.001 output_size=20 sample_file=1 sc_false=5 sc_true=150 tauRho=1 theta=10 tsample=325 tsr_start=0 tsr_stop=325,8,,500,325,325,150,5,0.001,1,10,1,1,7.348881244659424,1.0,519.5755004882812,0.800000011920929,1.0,0.8666666746139526,,,,,,,,,,,,,,,,,,,,,,,,,,,
d4d7baa7,vtsnn:mm-snn,2020-05-29 11:15:04,0:22:58,completed,batch_size=8 checkpoint_dir=. data_dir=/…/data_VT_SNN_new epochs=500 loss_type=1 lr=0.001 output_size=20 sample_file=2 sc_false=5 sc_true=150 tauRho=1 theta=10 tsample=325 tsr_start=0 tsr_stop=325,8,,500,325,325,150,5,0.001,2,10,1,1,6.527399063110352,1.0,745.6845092773438,0.7166666388511658,1.0,0.7666666507720947,,,,,,,,,,,,,,,,,,,,,,,,,,,
12f06916,vtsnn:mm-snn,2020-05-29 10:51:31,0:15:12,completed,batch_size=8 checkpoint_dir=. data_dir=/…/data_VT_SNN_new epochs=500 loss_type=1 lr=0.001 output_size=20 sample_file=1 sc_false=5 sc_true=150 tauRho=1 theta=10 tsample=325 tsr_start=0 tsr_stop=325,8,,500,325,325,150,5,0.001,1,10,1,1,6.208572864532471,1.0,536.1690063476562,0.800000011920929,1.0,0.8333333134651184,,,,,,,,,,,,,,,,,,,,,,,,,,,
9d160b8b,vtsnn:mm-snn,2020-05-29 10:00:29,,staged,batch_size=8 checkpoint_dir=. data_dir=/…/data_VT_SNN_new epochs=500 loss_type=1 lr=0.001 output_size=20 sample_file=2 sc_false=5 sc_true=150 tauRho=1 theta=10 tsample=325 tsr_start=0 tsr_stop=325,8,,500,325,325,150,5,0.001,2,10,1,1,,,,,,,,,,,,,,,,,,,,,,,,,,,,,,,,,
ced5bf55,vtsnn:mm-snn,2020-05-29 09:53:50,0:13:06,completed,batch_size=8 checkpoint_dir=. data_dir=/…/data_VT_SNN_new epochs=500 loss_type=1 lr=0.001 output_size=20 sample_file=1 sc_false=5 sc_true=150 tauRho=1 theta=10 tsample=325 tsr_start=0 tsr_stop=325,8,,500,325,325,150,5,0.001,1,10,1,1,7.398598670959473,1.0,589.065185546875,0.800000011920929,1.0,0.8666666746139526,,,,,,,,,,,,,,,,,,,,,,,,,,,
dd8e8dd2,vtsnn:mm-snn,2020-05-29 09:24:57,0:14:00,completed,batch_size=8 checkpoint_dir=. data_dir=/…/data_VT_SNN_new epochs=500 loss_type=1 lr=0.001 output_size=20 sample_file=1 sc_false=5 sc_true=150 tauRho=1 theta=10 tsample=325 tsr_start=0 tsr_stop=325,8,,500,325,325,150,5,0.001,1,10,1,1,7.232839107513428,1.0,688.8731689453125,0.8166666626930237,1.0,0.8166666626930237,,,,,,,,,,,,,,,,,,,,,,,,,,,
f73eb8af,vtsnn:mm-snn,2020-05-29 08:59:46,0:12:34,completed,batch_size=8 checkpoint_dir=. data_dir=/…/data_VT_SNN_new epochs=500 loss_type=1 lr=0.001 output_size=20 sample_file=1 sc_false=5 sc_true=150 tauRho=1 theta=10 tsample=325 tsr_start=0 tsr_stop=325,8,,500,325,325,150,5,0.001,1,10,1,1,6.072819232940674,1.0,516.8775634765625,0.7833333611488342,1.0,0.8333333134651184,,,,,,,,,,,,,,,,,,,,,,,,,,,
5fc4fdb0,vtsnn:mm-snn,2020-05-29 08:35:00,0:12:12,completed,batch_size=8 checkpoint_dir=. data_dir=/…/data_VT_SNN_new epochs=500 loss_type=1 lr=0.001 output_size=20 sample_file=1 sc_false=5 sc_true=150 tauRho=1 theta=10 tsample=325 tsr_start=0 tsr_stop=325,8,,500,325,325,150,5,0.001,1,10,1,1,6.873139381408691,1.0,540.7481689453125,0.7833333611488342,0.9958333373069763,0.8333333134651184,,,,,,,,,,,,,,,,,,,,,,,,,,,
29cd0e9b,vtsnn:mm-snn,2020-05-29 04:19:07,0:14:10,completed,batch_size=8 checkpoint_dir=. data_dir=/…/data_VT_SNN_new epochs=500 loss_type=0 lr=0.001 output_size=20 sample_file=5 sc_false=5 sc_true=150 tauRho=1 theta=10 tsample=325 tsr_start=0 tsr_stop=325,8,,500,325,325,150,5,0.001,5,10,1,0,0.019384615123271942,1.0,4.32269287109375,0.8666666746139526,1.0,0.9166666865348816,,,,,,,,,,,,,,,,,,,,,,,,,,,
12b108a6,vtsnn:mm-snn,2020-05-29 04:15:58,0:14:03,completed,batch_size=8 checkpoint_dir=. data_dir=/…/data_VT_SNN_new epochs=500 loss_type=1 lr=0.001 output_size=20 sample_file=5 sc_false=5 sc_true=150 tauRho=1 theta=10 tsample=325 tsr_start=0 tsr_stop=325,8,,500,325,325,150,5,0.001,5,10,1,1,6.025777816772461,1.0,523.1790771484375,0.7833333611488342,1.0,0.800000011920929,,,,,,,,,,,,,,,,,,,,,,,,,,,
0f714578,vtsnn:vis-snn,2020-05-29 04:04:50,0:17:07,completed,batch_size=8 checkpoint_dir=. data_dir=/…/data_VT_SNN_new epochs=500 hidden_size=32 loss_type=1 lr=0.001 output_size=20 sample_file=5 sc_false=5 sc_true=150 tauRho=1 theta=10 tsample=325 tsr_start=0 tsr_stop=325,8,,500,325,325,150,5,0.001,5,10,1,1,38.276527404785156,1.0,651.4918823242188,0.6000000238418579,0.9750000238418579,0.7666666507720947,32,,,,,,,,,,,,,,,,,,,,,,,,,,
d2d73407,vtsnn:mm-snn,2020-05-29 04:00:38,0:18:29,completed,batch_size=8 checkpoint_dir=. data_dir=/…/data_VT_SNN_new epochs=500 loss_type=0 lr=0.001 output_size=20 sample_file=4 sc_false=5 sc_true=150 tauRho=1 theta=10 tsample=325 tsr_start=0 tsr_stop=325,8,,500,325,325,150,5,0.001,4,10,1,0,0.012871796265244484,1.0,9.199039459228516,0.8166666626930237,1.0,0.8333333134651184,,,,,,,,,,,,,,,,,,,,,,,,,,,
1b19cc6d,vtsnn:mm-snn,2020-05-29 03:57:19,0:18:38,completed,batch_size=8 checkpoint_dir=. data_dir=/…/data_VT_SNN_new epochs=500 loss_type=1 lr=0.001 output_size=20 sample_file=4 sc_false=5 sc_true=150 tauRho=1 theta=10 tsample=325 tsr_start=0 tsr_stop=325,8,,500,325,325,150,5,0.001,4,10,1,1,6.784757614135742,1.0,417.1833801269531,0.8333333134651184,0.9916666746139526,0.8999999761581421,,,,,,,,,,,,,,,,,,,,,,,,,,,
55b85704,vtsnn:vis-snn,2020-05-29 03:57:13,0:19:13,completed,batch_size=8 checkpoint_dir=. data_dir=/…/data_VT_SNN_new epochs=500 hidden_size=32 loss_type=0 lr=0.001 output_size=20 sample_file=5 sc_false=5 sc_true=150 tauRho=1 theta=10 tsample=325 tsr_start=0 tsr_stop=325,8,,500,325,325,150,5,0.001,5,10,1,0,0.08523078262805939,1.0,11.474422454833984,0.7166666388511658,1.0,0.7833333611488342,32,,,,,,,,,,,,,,,,,,,,,,,,,,
51839937,vtsnn:vis-snn,2020-05-29 03:46:22,0:18:27,completed,batch_size=8 checkpoint_dir=. data_dir=/…/data_VT_SNN_new epochs=500 hidden_size=32 loss_type=1 lr=0.001 output_size=20 sample_file=4 sc_false=5 sc_true=150 tauRho=1 theta=10 tsample=325 tsr_start=0 tsr_stop=325,8,,500,325,325,150,5,0.001,4,10,1,1,3.3747637271881104,1.0,435.82452392578125,0.8166666626930237,1.0,0.8666666746139526,32,,,,,,,,,,,,,,,,,,,,,,,,,,
67fa81c8,vtsnn:mm-snn,2020-05-29 03:41:28,0:19:09,completed,batch_size=8 checkpoint_dir=. data_dir=/…/data_VT_SNN_new epochs=500 loss_type=0 lr=0.001 output_size=20 sample_file=3 sc_false=5 sc_true=150 tauRho=1 theta=10 tsample=325 tsr_start=0 tsr_stop=325,8,,500,325,325,150,5,0.001,3,10,1,0,0.014512822031974792,1.0,10.905576705932617,0.75,1.0,0.800000011920929,,,,,,,,,,,,,,,,,,,,,,,,,,,
acdbf5ed,vtsnn:mm-snn,2020-05-29 03:38:44,0:18:34,completed,batch_size=8 checkpoint_dir=. data_dir=/…/data_VT_SNN_new epochs=500 loss_type=1 lr=0.001 output_size=20 sample_file=3 sc_false=5 sc_true=150 tauRho=1 theta=10 tsample=325 tsr_start=0 tsr_stop=325,8,,500,325,325,150,5,0.001,3,10,1,1,6.694023132324219,1.0,549.0159912109375,0.7833333611488342,1.0,0.8500000238418579,,,,,,,,,,,,,,,,,,,,,,,,,,,
2337db84,vtsnn:vis-snn,2020-05-29 03:37:59,0:19:13,completed,batch_size=8 checkpoint_dir=. data_dir=/…/data_VT_SNN_new epochs=500 hidden_size=32 loss_type=0 lr=0.001 output_size=20 sample_file=4 sc_false=5 sc_true=150 tauRho=1 theta=10 tsample=325 tsr_start=0 tsr_stop=325,8,,500,325,325,150,5,0.001,4,10,1,0,0.01748717948794365,1.0,11.000192642211914,0.699999988079071,1.0,0.800000011920929,32,,,,,,,,,,,,,,,,,,,,,,,,,,
3975d648,vtsnn:vis-snn,2020-05-29 03:27:58,0:18:24,completed,batch_size=8 checkpoint_dir=. data_dir=/…/data_VT_SNN_new epochs=500 hidden_size=32 loss_type=1 lr=0.001 output_size=20 sample_file=3 sc_false=5 sc_true=150 tauRho=1 theta=10 tsample=325 tsr_start=0 tsr_stop=325,8,,500,325,325,150,5,0.001,3,10,1,1,3.625927448272705,1.0,699.121337890625,0.7333333492279053,1.0,0.800000011920929,32,,,,,,,,,,,,,,,,,,,,,,,,,,
0cf69475,vtsnn:mm-snn,2020-05-29 03:21:46,0:19:42,completed,batch_size=8 checkpoint_dir=. data_dir=/…/data_VT_SNN_new epochs=500 loss_type=0 lr=0.001 output_size=20 sample_file=2 sc_false=5 sc_true=150 tauRho=1 theta=10 tsample=325 tsr_start=0 tsr_stop=325,8,,500,325,325,150,5,0.001,2,10,1,0,0.026051288470625877,1.0,15.269039154052734,0.800000011920929,1.0,0.8666666746139526,,,,,,,,,,,,,,,,,,,,,,,,,,,
9261c0d7,vtsnn:vis-snn,2020-05-29 03:16:24,0:21:34,completed,batch_size=8 checkpoint_dir=. data_dir=/…/data_VT_SNN_new epochs=500 hidden_size=32 loss_type=0 lr=0.001 output_size=20 sample_file=3 sc_false=5 sc_true=150 tauRho=1 theta=10 tsample=325 tsr_start=0 tsr_stop=325,8,,500,325,325,150,5,0.001,3,10,1,0,0.017538463696837425,1.0,12.36730670928955,0.8333333134651184,1.0,0.8666666746139526,32,,,,,,,,,,,,,,,,,,,,,,,,,,
93ea2c1c,vtsnn:vis-snn,2020-05-29 03:04:56,0:23:01,completed,batch_size=8 checkpoint_dir=. data_dir=/…/data_VT_SNN_new epochs=500 hidden_size=32 loss_type=1 lr=0.001 output_size=20 sample_file=2 sc_false=5 sc_true=150 tauRho=1 theta=10 tsample=325 tsr_start=0 tsr_stop=325,8,,500,325,325,150,5,0.001,2,10,1,1,3.665292501449585,1.0,780.871337890625,0.7333333492279053,1.0,0.7833333611488342,32,,,,,,,,,,,,,,,,,,,,,,,,,,
d1ac2793,vtsnn:mm-snn,2020-05-29 02:55:10,0:26:35,completed,batch_size=8 checkpoint_dir=. data_dir=/…/data_VT_SNN_new epochs=500 loss_type=0 lr=0.001 output_size=20 sample_file=1 sc_false=5 sc_true=150 tauRho=1 theta=10 tsample=325 tsr_start=0 tsr_stop=325,8,,500,325,325,150,5,0.001,1,10,1,0,0.024358972907066345,1.0,9.43884563446045,0.8166666626930237,1.0,0.8166666626930237,,,,,,,,,,,,,,,,,,,,,,,,,,,
0f39285a,vtsnn:vis-snn,2020-05-29 02:51:34,0:24:49,completed,batch_size=8 checkpoint_dir=. data_dir=/…/data_VT_SNN_new epochs=500 hidden_size=32 loss_type=0 lr=0.001 output_size=20 sample_file=2 sc_false=5 sc_true=150 tauRho=1 theta=10 tsample=325 tsr_start=0 tsr_stop=325,8,,500,325,325,150,5,0.001,2,10,1,0,0.06312820315361023,1.0,15.744999885559082,0.699999988079071,1.0,0.7833333611488342,32,,,,,,,,,,,,,,,,,,,,,,,,,,
ac54c3cf,vtsnn:vis-snn,2020-05-29 02:46:45,0:18:10,completed,batch_size=8 checkpoint_dir=. data_dir=/…/data_VT_SNN_new epochs=500 hidden_size=32 loss_type=1 lr=0.001 output_size=20 sample_file=1 sc_false=5 sc_true=150 tauRho=1 theta=10 tsample=325 tsr_start=0 tsr_stop=325,8,,500,325,325,150,5,0.001,1,10,1,1,3.4021999835968018,1.0,691.9932861328125,0.75,1.0,0.800000011920929,32,,,,,,,,,,,,,,,,,,,,,,,,,,
d697498b,vtsnn:vis-snn,2020-05-29 02:38:57,0:12:37,completed,batch_size=8 checkpoint_dir=. data_dir=/…/data_VT_SNN_new epochs=500 hidden_size=32 loss_type=0 lr=0.001 output_size=20 sample_file=1 sc_false=5 sc_true=150 tauRho=1 theta=10 tsample=325 tsr_start=0 tsr_stop=325,8,,500,325,325,150,5,0.001,1,10,1,0,0.20594874024391174,1.0,12.040384292602539,0.699999988079071,0.9958333373069763,0.75,32,,,,,,,,,,,,,,,,,,,,,,,,,,
f0b6a71a,vtsnn:vis-snn,2020-05-29 02:12:12,0:12:31,completed,batch_size=8 checkpoint_dir=. data_dir=/…/data_VT_SNN_new epochs=500 hidden_size=32 lr=0.001 output_size=20 sample_file=5 sc_false=5 sc_true=150 tauRho=1 theta=10 tsample=325 tsr_start=0 tsr_stop=325,8,,500,325,325,150,5,0.001,5,10,1,,0.010307693853974342,1.0,7.826730728149414,0.7833333611488342,1.0,0.7833333611488342,32,,,,,,,,,,,,,,,,,,,,,,,,,,
ffc744c3,vtsnn:vis-snn,2020-05-29 02:08:16,0:12:58,completed,batch_size=8 checkpoint_dir=. data_dir=/…/data_VT_SNN_new epochs=500 hidden_size=32 lr=0.001 output_size=20 sample_file=5 sc_false=5 sc_true=150 tauRho=1 theta=10 tsample=325 tsr_start=0 tsr_stop=325,8,,500,325,325,150,5,0.001,5,10,1,,4.096089839935303,1.0,484.1455078125,0.7333333492279053,1.0,0.7666666507720947,32,,,,,,,,,,,,,,,,,,,,,,,,,,
ebda2b3b,vtsnn:vis-snn,2020-05-29 01:59:35,0:12:36,completed,batch_size=8 checkpoint_dir=. data_dir=/…/data_VT_SNN_new epochs=500 hidden_size=32 lr=0.001 output_size=20 sample_file=4 sc_false=5 sc_true=150 tauRho=1 theta=10 tsample=325 tsr_start=0 tsr_stop=325,8,,500,325,325,150,5,0.001,4,10,1,,0.00574359018355608,1.0,12.134614944458008,0.7166666388511658,1.0,0.75,32,,,,,,,,,,,,,,,,,,,,,,,,,,
be8637ce,vtsnn:vis-snn,2020-05-29 01:55:18,0:12:57,completed,batch_size=8 checkpoint_dir=. data_dir=/…/data_VT_SNN_new epochs=500 hidden_size=32 lr=0.001 output_size=20 sample_file=4 sc_false=5 sc_true=150 tauRho=1 theta=10 tsample=325 tsr_start=0 tsr_stop=325,8,,500,325,325,150,5,0.001,4,10,1,,4.7083611488342285,1.0,551.7479858398438,0.75,0.9458333253860474,0.8500000238418579,32,,,,,,,,,,,,,,,,,,,,,,,,,,
eb877f73,vtsnn:vis-snn,2020-05-29 01:47:02,0:12:32,completed,batch_size=8 checkpoint_dir=. data_dir=/…/data_VT_SNN_new epochs=500 hidden_size=32 lr=0.001 output_size=20 sample_file=3 sc_false=5 sc_true=150 tauRho=1 theta=10 tsample=325 tsr_start=0 tsr_stop=325,8,,500,325,325,150,5,0.001,3,10,1,,0.006974359042942524,1.0,16.944229125976562,0.7833333611488342,1.0,0.7833333611488342,32,,,,,,,,,,,,,,,,,,,,,,,,,,
65de5811,vtsnn:vis-snn,2020-05-29 01:42:33,0:12:44,completed,batch_size=8 checkpoint_dir=. data_dir=/…/data_VT_SNN_new epochs=500 hidden_size=32 lr=0.001 output_size=20 sample_file=3 sc_false=5 sc_true=150 tauRho=1 theta=10 tsample=325 tsr_start=0 tsr_stop=325,8,,500,325,325,150,5,0.001,3,10,1,,3.1641852855682373,1.0,667.0148315429688,0.75,1.0,0.8166666626930237,32,,,,,,,,,,,,,,,,,,,,,,,,,,
ff139d2b,vtsnn:downsample-vision,2020-05-27 16:12:14,0:00:33,completed,count=400 path=/…/data_VT_SNN_new tauRho=1 theta=10 tsample=325,,,,325,,,,,,10,1,,,,,,,,,/home/tasbolat/some_python_examples/data_VT_SNN_new/,,,,,,,,,,,,,,,,,,,,,,,,,
94883db3,vtsnn:prepare-data,2020-05-27 15:49:19,0:02:47,completed,bin_duration=0.02 blacklist_path=/…/blacklist.txt modes=vitac n_sample_per_object=20 remove_outlier=0 save_dir=/…/data_VT_SNN_new selection=grasp_lift_hold tactile_path=/…/aces_recordings threshold=1 trajectory_path=/…/traj_start_ends video_path=/…/prophesee_recordings,,,,,,,,,,,,,,,,,,,,,0.02,/datasets/eventdata/batch2/blacklist.txt,vitac,20,0,/home/tasbolat/some_python_examples/data_VT_SNN_new/,grasp_lift_hold,/datasets/eventdata/batch2/aces_recordings/,1,/datasets/eventdata/batch2/traj_start_ends/,/datasets/eventdata/batch2/prophesee_recordings/,,,,,,,,,,,,,,
309a8458,vtsnn:downsample-vision,2020-05-25 12:17:17,0:00:47,completed,count=400 path=/…/data_VT_SNN_new tauRho=1 theta=10 tsample=325,,,,325,,,,,,10,1,,,,,,,,,/home/tasbolat/some_python_examples/data_VT_SNN_new/,,,,,,,,,,,,,,,,,,,,,,,,,
4c383d35,vtsnn:prepare-data,2020-05-24 22:53:51,0:02:42,completed,bin_duration=0.02 blacklist_path=/…/blacklist.txt modes=vitac n_sample_per_object=20 remove_outlier=0 save_dir=/…/data_VT_SNN_new selection=grasp_lift_hold tactile_path=/…/aces_recordings threshold=1 trajectory_path=/…/traj_start_ends video_path=/…/prophesee_recordings,,,,,,,,,,,,,,,,,,,,,0.02,/datasets/eventdata/batch2/blacklist.txt,vitac,20,0,/home/tasbolat/some_python_examples/data_VT_SNN_new/,grasp_lift_hold,/datasets/eventdata/batch2/aces_recordings/,1,/datasets/eventdata/batch2/traj_start_ends/,/datasets/eventdata/batch2/prophesee_recordings/,,,,,,,,,,,,,,
0a4b824c,vtsnn:vis_rpg,2020-05-01 04:06:25,0:01:47,completed,batch_size=4 checkpoint_dir=. data_dir=/home/…/data_VT_SNN epochs=20 lr=0.0001 sample_file=14,4,,20,,,,,0.0001,14,,,,,,,,,,,,,,,,,,,,,,,.,/home/tasbolat/some_python_examples/data_VT_SNN/,20,0.8666666746139526,0.9958333373069763,0.133480966091156,0.011092276312410831,,,,,,,
8389b2f5,vtsnn:vis_rpg,2020-05-01 04:06:01,0:01:47,completed,batch_size=4 checkpoint_dir=. data_dir=/home/…/data_VT_SNN epochs=20 lr=0.0001 sample_file=5,4,,20,,,,,0.0001,5,,,,,,,,,,,,,,,,,,,,,,,.,/home/tasbolat/some_python_examples/data_VT_SNN/,20,0.8166666626930237,0.987500011920929,0.133144348859787,0.01740134507417679,,,,,,,
f49da04a,vtsnn:vis_rpg,2020-05-01 04:04:37,0:01:47,completed,batch_size=4 checkpoint_dir=. data_dir=/home/…/data_VT_SNN epochs=20 lr=0.0001 sample_file=13,4,,20,,,,,0.0001,13,,,,,,,,,,,,,,,,,,,,,,,.,/home/tasbolat/some_python_examples/data_VT_SNN/,20,0.7833333611488342,0.9958333373069763,0.20513349771499634,0.007522032596170902,,,,,,,
82e0d668,vtsnn:vis_rpg,2020-05-01 04:04:14,0:01:47,completed,batch_size=4 checkpoint_dir=. data_dir=/home/…/data_VT_SNN epochs=20 lr=0.0001 sample_file=4,4,,20,,,,,0.0001,4,,,,,,,,,,,,,,,,,,,,,,,.,/home/tasbolat/some_python_examples/data_VT_SNN/,20,0.800000011920929,1.0,0.18580421805381775,0.009674529545009136,,,,,,,
8e7701ec,vtsnn:vis_rpg,2020-05-01 04:02:49,0:01:47,completed,batch_size=4 checkpoint_dir=. data_dir=/home/…/data_VT_SNN epochs=20 lr=0.0001 sample_file=12,4,,20,,,,,0.0001,12,,,,,,,,,,,,,,,,,,,,,,,.,/home/tasbolat/some_python_examples/data_VT_SNN/,20,0.8333333134651184,1.0,0.17674069106578827,0.008509146049618721,,,,,,,
77f00f6e,vtsnn:vis_rpg,2020-05-01 04:02:27,0:01:47,completed,batch_size=4 checkpoint_dir=. data_dir=/home/…/data_VT_SNN epochs=20 lr=0.0001 sample_file=3,4,,20,,,,,0.0001,3,,,,,,,,,,,,,,,,,,,,,,,.,/home/tasbolat/some_python_examples/data_VT_SNN/,20,0.8666666746139526,1.0,0.15671296417713165,0.005886496044695377,,,,,,,
50223f29,vtsnn:vis_rpg,2020-05-01 04:01:01,0:01:47,completed,batch_size=4 checkpoint_dir=. data_dir=/home/…/data_VT_SNN epochs=20 lr=0.0001 sample_file=11,4,,20,,,,,0.0001,11,,,,,,,,,,,,,,,,,,,,,,,.,/home/tasbolat/some_python_examples/data_VT_SNN/,20,0.8333333134651184,0.9958333373069763,0.1512136310338974,0.01093213725835085,,,,,,,
c9717dad,vtsnn:vis_rpg,2020-05-01 04:00:40,0:01:46,completed,batch_size=4 checkpoint_dir=. data_dir=/home/…/data_VT_SNN epochs=20 lr=0.0001 sample_file=2,4,,20,,,,,0.0001,2,,,,,,,,,,,,,,,,,,,,,,,.,/home/tasbolat/some_python_examples/data_VT_SNN/,20,0.8500000238418579,0.9958333373069763,0.18290500342845917,0.008859837427735329,,,,,,,
2674fad2,vtsnn:vis_rpg,2020-05-01 03:59:18,0:01:43,completed,batch_size=4 checkpoint_dir=. data_dir=/home/…/data_VT_SNN epochs=20 lr=0.0001 sample_file=10,4,,20,,,,,0.0001,10,,,,,,,,,,,,,,,,,,,,,,,.,/home/tasbolat/some_python_examples/data_VT_SNN/,20,0.8833333253860474,1.0,0.09226828813552856,0.008242271840572357,,,,,,,
1780e114,vtsnn:vis_rpg,2020-05-01 03:58:55,0:01:44,completed,batch_size=4 checkpoint_dir=. data_dir=/home/…/data_VT_SNN epochs=20 lr=0.0001 sample_file=1,4,,20,,,,,0.0001,1,,,,,,,,,,,,,,,,,,,,,,,.,/home/tasbolat/some_python_examples/data_VT_SNN/,20,0.8833333253860474,1.0,0.08306324481964111,0.007822707295417786,,,,,,,
9818bcfc,vtsnn:viz3,2020-04-27 01:44:48,0:21:56,completed,batch_size=8 checkpoint_dir=. data_dir=/home/…/data_VT_SNN epochs=700 lr=0.001 output_size=20 sample_file=5 sc_false=5 sc_true=150 tauRho=1 theta=10 tsample=325 tsr_stop=325 weightFunction=1,8,,700,325,325,150,5,0.001,5,10,1,,,,,,,,,,,,,,,,,,,,,.,/home/tasbolat/some_python_examples/data_VT_SNN/,700,0.7166666388511658,0.9958333373069763,6196.376953125,3469.71240234375,20,1,0.03600415587425232,0.03648517653346062,177.3845977783203,186.42527770996094,
c455a290,vtsnn:viz3,2020-04-27 01:41:51,0:21:31,completed,batch_size=8 checkpoint_dir=. data_dir=/home/…/data_VT_SNN epochs=700 lr=0.001 output_size=20 sample_file=5 sc_false=5 sc_true=150 tauRho=1 theta=10 tsample=325 tsr_stop=325 weightFunction=2,8,,700,325,325,150,5,0.001,5,10,1,,,,,,,,,,,,,,,,,,,,,.,/home/tasbolat/some_python_examples/data_VT_SNN/,700,0.75,0.9958333373069763,6251.07470703125,3415.118896484375,20,2,0.03600415587425232,0.03648516908288002,177.3845977783203,186.42527770996094,
4f69f68a,vtsnn:viz3,2020-04-27 01:39:04,0:21:53,completed,batch_size=8 checkpoint_dir=. data_dir=/home/…/data_VT_SNN epochs=700 lr=0.001 output_size=20 sample_file=5 sc_false=5 sc_true=150 tauRho=1 theta=10 tsample=325 tsr_stop=325 weightFunction=3,8,,700,325,325,150,5,0.001,5,10,1,,,,,,,,,,,,,,,,,,,,,.,/home/tasbolat/some_python_examples/data_VT_SNN/,700,0.7333333492279053,0.9958333373069763,6113.16357421875,3518.565185546875,20,3,0.03600415587425232,0.03648517280817032,177.3845977783203,186.42523193359375,
4a10142c,vtsnn:viz3,2020-04-27 01:20:09,0:24:38,completed,batch_size=8 checkpoint_dir=. data_dir=/home/…/data_VT_SNN epochs=700 lr=0.001 output_size=20 sample_file=4 sc_false=5 sc_true=150 tauRho=1 theta=10 tsample=325 tsr_stop=325 weightFunction=1,8,,700,325,325,150,5,0.001,4,10,1,,,,,,,,,,,,,,,,,,,,,.,/home/tasbolat/some_python_examples/data_VT_SNN/,700,0.7166666388511658,0.9958333373069763,5817.80419921875,3656.262939453125,20,1,0.03636807203292847,0.036392346024513245,180.64183044433594,185.820068359375,
42f7ca54,vtsnn:viz3,2020-04-27 01:17:57,0:23:53,completed,batch_size=8 checkpoint_dir=. data_dir=/home/…/data_VT_SNN epochs=700 lr=0.001 output_size=20 sample_file=4 sc_false=5 sc_true=150 tauRho=1 theta=10 tsample=325 tsr_stop=325 weightFunction=2,8,,700,325,325,150,5,0.001,4,10,1,,,,,,,,,,,,,,,,,,,,,.,/home/tasbolat/some_python_examples/data_VT_SNN/,700,0.7666666507720947,0.9916666746139526,5934.787109375,3558.93408203125,20,2,0.03636807203292847,0.03639234974980354,180.64183044433594,185.8200225830078,
ff2e7ae3,vtsnn:viz3,2020-04-27 01:15:47,0:23:17,completed,batch_size=8 checkpoint_dir=. data_dir=/home/…/data_VT_SNN epochs=700 lr=0.001 output_size=20 sample_file=4 sc_false=5 sc_true=150 tauRho=1 theta=10 tsample=325 tsr_stop=325 weightFunction=3,8,,700,325,325,150,5,0.001,4,10,1,,,,,,,,,,,,,,,,,,,,,.,/home/tasbolat/some_python_examples/data_VT_SNN/,690,0.7333333492279053,0.9916666746139526,5772.62841796875,3700.461669921875,20,3,0.03636807203292847,0.03639234974980354,180.64183044433594,185.820068359375,
a0f9bce6,vtsnn:viz3,2020-04-27 00:58:10,0:21:59,completed,batch_size=8 checkpoint_dir=. data_dir=/home/…/data_VT_SNN epochs=700 lr=0.001 output_size=20 sample_file=3 sc_false=5 sc_true=150 tauRho=1 theta=10 tsample=325 tsr_stop=325 weightFunction=1,8,,700,325,325,150,5,0.001,3,10,1,,,,,,,,,,,,,,,,,,,,,.,/home/tasbolat/some_python_examples/data_VT_SNN/,700,0.6833333373069763,0.987500011920929,6240.54541015625,3524.7041015625,20,1,0.036243122071027756,0.03641253337264061,178.496826171875,186.07569885253906,
d0e0cf0a,vtsnn:viz3,2020-04-27 00:56:53,0:21:03,completed,batch_size=8 checkpoint_dir=. data_dir=/home/…/data_VT_SNN epochs=700 lr=0.001 output_size=20 sample_file=3 sc_false=5 sc_true=150 tauRho=1 theta=10 tsample=325 tsr_stop=325 weightFunction=2,8,,700,325,325,150,5,0.001,3,10,1,,,,,,,,,,,,,,,,,,,,,.,/home/tasbolat/some_python_examples/data_VT_SNN/,700,0.7166666388511658,0.9958333373069763,6324.4541015625,3435.4775390625,20,2,0.036243122071027756,0.03641252592206001,178.496826171875,186.07571411132812,
e9057f4d,vtsnn:viz3,2020-04-27 00:54:54,0:20:52,completed,batch_size=8 checkpoint_dir=. data_dir=/home/…/data_VT_SNN epochs=700 lr=0.001 output_size=20 sample_file=3 sc_false=5 sc_true=150 tauRho=1 theta=10 tsample=325 tsr_stop=325 weightFunction=3,8,,700,325,325,150,5,0.001,3,10,1,,,,,,,,,,,,,,,,,,,,,.,/home/tasbolat/some_python_examples/data_VT_SNN/,700,0.75,0.9958333373069763,6174.9912109375,3529.24658203125,20,3,0.036243122071027756,0.03641253337264061,178.496826171875,186.07569885253906,
4b446c9b,vtsnn:viz3,2020-04-27 00:33:57,0:24:13,completed,batch_size=8 checkpoint_dir=. data_dir=/home/…/data_VT_SNN epochs=700 lr=0.001 output_size=20 sample_file=2 sc_false=5 sc_true=150 tauRho=1 theta=10 tsample=325 tsr_stop=325 weightFunction=1,8,,700,325,325,150,5,0.001,2,10,1,,,,,,,,,,,,,,,,,,,,,.,/home/tasbolat/some_python_examples/data_VT_SNN/,700,0.6833333373069763,0.987500011920929,7096.48095703125,3518.875244140625,20,1,0.03707212209701538,0.036194540560245514,207.276123046875,178.41749572753906,
9dbf8291,vtsnn:viz3,2020-04-27 00:33:34,0:23:18,completed,batch_size=8 checkpoint_dir=. data_dir=/home/…/data_VT_SNN epochs=700 lr=0.001 output_size=20 sample_file=2 sc_false=5 sc_true=150 tauRho=1 theta=10 tsample=325 tsr_stop=325 weightFunction=2,8,,700,325,325,150,5,0.001,2,10,1,,,,,,,,,,,,,,,,,,,,,.,/home/tasbolat/some_python_examples/data_VT_SNN/,700,0.6499999761581421,0.9791666865348816,7320.14892578125,3435.947998046875,20,2,0.03707212209701538,0.03619454428553581,207.276123046875,178.41749572753906,
1ded53f7,vtsnn:viz3,2020-04-27 00:32:52,0:22:02,completed,batch_size=8 checkpoint_dir=. data_dir=/home/…/data_VT_SNN epochs=700 lr=0.001 output_size=20 sample_file=2 sc_false=5 sc_true=150 tauRho=1 theta=10 tsample=325 tsr_stop=325 weightFunction=3,8,,700,325,325,150,5,0.001,2,10,1,,,,,,,,,,,,,,,,,,,,,.,/home/tasbolat/some_python_examples/data_VT_SNN/,700,0.6666666865348816,0.9916666746139526,7006.1123046875,3523.9599609375,20,3,0.03707212209701538,0.03619454428553581,207.276123046875,178.41749572753906,
04ee3b86,vtsnn:viz3,2020-04-27 00:13:16,0:19:35,completed,batch_size=8 checkpoint_dir=. data_dir=/home/…/data_VT_SNN epochs=700 lr=0.001 output_size=20 sample_file=1 sc_false=5 sc_true=150 tauRho=1 theta=10 tsample=325 tsr_stop=325 weightFunction=3,8,,700,325,325,150,5,0.001,1,10,1,,,,,,,,,,,,,,,,,,,,,.,/home/tasbolat/some_python_examples/data_VT_SNN/,700,0.7333333492279053,0.9958333373069763,6099.77490234375,3564.974609375,20,3,0.036400966346263885,0.03637104481458664,179.4492645263672,185.82498168945312,
c4d9372c,vtsnn:viz3,2020-04-27 00:13:01,0:20:33,completed,batch_size=8 checkpoint_dir=. data_dir=/home/…/data_VT_SNN epochs=700 lr=0.001 output_size=20 sample_file=1 sc_false=5 sc_true=150 tauRho=1 theta=10 tsample=325 tsr_stop=325 weightFunction=2,8,,700,325,325,150,5,0.001,1,10,1,,,,,,,,,,,,,,,,,,,,,.,/home/tasbolat/some_python_examples/data_VT_SNN/,700,0.699999988079071,0.987500011920929,6352.80810546875,3430.36474609375,20,2,0.036400966346263885,0.03637104853987694,179.4492645263672,185.82496643066406,
a5578d26,vtsnn:viz3,2020-04-27 00:12:28,0:21:28,completed,batch_size=8 checkpoint_dir=. data_dir=/home/…/data_VT_SNN epochs=700 lr=0.001 output_size=20 sample_file=1 sc_false=5 sc_true=150 tauRho=1 theta=10 tsample=325 tsr_stop=325 weightFunction=1,8,,700,325,325,150,5,0.001,1,10,1,,,,,,,,,,,,,,,,,,,,,.,/home/tasbolat/some_python_examples/data_VT_SNN/,700,0.7333333492279053,0.9958333373069763,6155.32763671875,3499.902099609375,20,1,0.036400966346263885,0.03637104481458664,179.4492645263672,185.82496643066406,
53dc7ed8,vtsnn:viz,2020-04-26 23:22:26,0:21:30,completed,batch_size=8 checkpoint_dir=. data_dir=/home/…/data_VT_SNN epochs=700 lr=0.001 output_size=20 sample_file=5 sc_false=5 sc_true=150 tauRho=1 theta=10 tsample=325 tsr_start=0 tsr_stop=325,8,,700,325,325,150,5,0.001,5,10,1,,,,,,,,,,,,,,,,,,,,,.,/home/tasbolat/some_python_examples/data_VT_SNN/,700,0.75,1.0,94.3732681274414,2.3941538333892822,20,,0.11649861931800842,0.1179194301366806,1519.9837646484375,1560.4112548828125,0
5a23793b,vtsnn:viz,2020-04-26 23:00:55,0:21:30,completed,batch_size=8 checkpoint_dir=. data_dir=/home/…/data_VT_SNN epochs=700 lr=0.001 output_size=20 sample_file=4 sc_false=5 sc_true=150 tauRho=1 theta=10 tsample=325 tsr_start=0 tsr_stop=325,8,,700,325,325,150,5,0.001,4,10,1,,,,,,,,,,,,,,,,,,,,,.,/home/tasbolat/some_python_examples/data_VT_SNN/,700,0.7833333611488342,1.0,86.7359619140625,0.3403076231479645,20,,0.11766394227743149,0.11758960038423538,1535.7891845703125,1555.8570556640625,0
02aee0dc,vtsnn:viz,2020-04-26 22:39:16,0:21:38,completed,batch_size=8 checkpoint_dir=. data_dir=/home/…/data_VT_SNN epochs=700 lr=0.001 output_size=20 sample_file=3 sc_false=5 sc_true=150 tauRho=1 theta=10 tsample=325 tsr_start=0 tsr_stop=325,8,,700,325,325,150,5,0.001,3,10,1,,,,,,,,,,,,,,,,,,,,,.,/home/tasbolat/some_python_examples/data_VT_SNN/,690,0.8333333134651184,1.0,93.05999755859375,1.1758464574813843,20,,0.11690913885831833,0.11777739226818085,1522.8817138671875,1558.8477783203125,0
16f43e07,vtsnn:viz,2020-04-26 22:17:38,0:21:38,completed,batch_size=8 checkpoint_dir=. data_dir=/home/…/data_VT_SNN epochs=700 lr=0.001 output_size=20 sample_file=2 sc_false=5 sc_true=150 tauRho=1 theta=10 tsample=325 tsr_start=0 tsr_stop=325,8,,700,325,325,150,5,0.001,2,10,1,,,,,,,,,,,,,,,,,,,,,.,/home/tasbolat/some_python_examples/data_VT_SNN/,700,0.7333333492279053,0.9958333373069763,116.21172332763672,5.277947425842285,20,,0.11927776038646698,0.11715611070394516,1635.7274169921875,1528.958251953125,0
4e9acbad,vtsnn:viz,2020-04-26 21:53:04,0:24:33,completed,batch_size=8 checkpoint_dir=. data_dir=/home/…/data_VT_SNN epochs=700 lr=0.001 output_size=20 sample_file=1 sc_false=5 sc_true=150 tauRho=1 theta=10 tsample=325 tsr_start=0 tsr_stop=325,8,,700,325,325,150,5,0.001,1,10,1,,,,,,,,,,,,,,,,,,,,,.,/home/tasbolat/some_python_examples/data_VT_SNN/,700,0.8166666626930237,1.0,82.66653442382812,2.595795154571533,20,,0.11795279383659363,0.11750952154397964,1538.03466796875,1555.201904296875,0
5ce8a75d,vtsnn:mm,2020-04-26 19:49:12,0:20:11,completed,batch_size=8 checkpoint_dir=. data_dir=/home/…/data_VT_SNN epochs=700 lr=0.001 output_size=20 sample_file=5 sc_false=5 sc_true=150 tauRho=1 theta=10 tsample=325 tsr_start=0 tsr_stop=325,8,,700,325,325,150,5,0.001,5,10,1,,,,,,,,,,,,,,,,,,,,,.,/home/tasbolat/some_python_examples/data_VT_SNN,690,0.800000011920929,1.0,89.15422821044922,0.21271798014640808,20,,0.32694733142852783,0.3240884840488434,5506.8701171875,5530.55322265625,0
cf54b4d8,vtsnn:tact,2020-04-26 19:26:48,0:21:41,completed,batch_size=8 checkpoint_dir=. data_dir=/home/…/data_VT_SNN epochs=2000 hidden_size=32 lr=0.001 output_size=20 sample_file=5 sc_false=5 sc_true=150 tauRho=1 theta=10 tsample=325 tsr_stop=325,8,,2000,325,325,150,5,0.001,5,10,1,,,,,,,,32,,,,,,,,,,,,,.,/home/tasbolat/some_python_examples/data_VT_SNN/,2000,0.7166666388511658,0.987500011920929,123.70404815673828,45.15093231201172,20,,0.32119593024253845,0.32093673944473267,6901.638671875,6918.0712890625,
b76dd4bc,vtsnn:mm,2020-04-26 19:23:56,0:25:15,completed,batch_size=8 checkpoint_dir=. data_dir=/home/…/data_VT_SNN epochs=700 lr=0.001 output_size=20 sample_file=4 sc_false=5 sc_true=150 tauRho=1 theta=10 tsample=325 tsr_start=0 tsr_stop=325,8,,700,325,325,150,5,0.001,4,10,1,,,,,,,,,,,,,,,,,,,,,.,/home/tasbolat/some_python_examples/data_VT_SNN,700,0.8833333253860474,1.0,72.88057708740234,0.9146153330802917,20,,0.32904213666915894,0.32838746905326843,5980.896484375,6041.4169921875,0
d2255422,vtsnn:tact,2020-04-26 19:05:27,0:21:20,completed,batch_size=8 checkpoint_dir=. data_dir=/home/…/data_VT_SNN epochs=2000 hidden_size=32 lr=0.001 output_size=20 sample_file=4 sc_false=5 sc_true=150 tauRho=1 theta=10 tsample=325 tsr_stop=325,8,,2000,325,325,150,5,0.001,4,10,1,,,,,,,,32,,,,,,,,,,,,,.,/home/tasbolat/some_python_examples/data_VT_SNN/,1990,0.6833333373069763,0.9666666388511658,115.97809600830078,43.1037483215332,20,,0.30285459756851196,0.2993958294391632,6189.626953125,6129.7509765625,
de97cd47,vtsnn:mm,2020-04-26 18:58:44,0:25:12,completed,batch_size=8 checkpoint_dir=. data_dir=/home/…/data_VT_SNN epochs=700 lr=0.001 output_size=20 sample_file=3 sc_false=5 sc_true=150 tauRho=1 theta=10 tsample=325 tsr_start=0 tsr_stop=325,8,,700,325,325,150,5,0.001,3,10,1,,,,,,,,,,,,,,,,,,,,,.,/home/tasbolat/some_python_examples/data_VT_SNN,700,0.8166666626930237,1.0,81.36134338378906,0.6649231314659119,20,,0.3083730936050415,0.31324532628059387,5160.1162109375,5387.77099609375,0
6a6f1b52,vtsnn:tact,2020-04-26 18:44:12,0:21:15,completed,batch_size=8 checkpoint_dir=. data_dir=/home/…/data_VT_SNN epochs=2000 hidden_size=32 lr=0.001 output_size=20 sample_file=3 sc_false=5 sc_true=150 tauRho=1 theta=10 tsample=325 tsr_stop=325,8,,2000,325,325,150,5,0.001,3,10,1,,,,,,,,32,,,,,,,,,,,,,.,/home/tasbolat/some_python_examples/data_VT_SNN/,2000,0.7833333611488342,0.9791666865348816,110.9251937866211,45.348976135253906,20,,0.3225315511226654,0.31724679470062256,6723.56005859375,6638.2041015625,
9bc8727b,vtsnn:mm,2020-04-26 18:33:11,0:25:32,completed,batch_size=8 checkpoint_dir=. data_dir=/home/…/data_VT_SNN epochs=700 lr=0.001 output_size=20 sample_file=2 sc_false=5 sc_true=150 tauRho=1 theta=10 tsample=325 tsr_start=0 tsr_stop=325,8,,700,325,325,150,5,0.001,2,10,1,,,,,,,,,,,,,,,,,,,,,.,/home/tasbolat/some_python_examples/data_VT_SNN,690,0.8500000238418579,1.0,84.37922668457031,0.35830768942832947,20,,0.3350510001182556,0.3349358141422272,6328.66455078125,6340.595703125,0
04485e61,vtsnn:tact,2020-04-26 18:23:23,0:20:48,completed,batch_size=8 checkpoint_dir=. data_dir=/home/…/data_VT_SNN epochs=2000 hidden_size=32 lr=0.001 output_size=20 sample_file=2 sc_false=5 sc_true=150 tauRho=1 theta=10 tsample=325 tsr_stop=325,8,,2000,325,325,150,5,0.001,2,10,1,,,,,,,,32,,,,,,,,,,,,,.,/home/tasbolat/some_python_examples/data_VT_SNN/,2000,0.7333333492279053,0.9791666865348816,116.35250854492188,46.21318435668945,20,,0.320210337638855,0.32035019993782043,6769.982421875,6843.84912109375,
a1055411,vtsnn:mm,2020-04-26 18:08:10,0:25:00,completed,batch_size=8 checkpoint_dir=. data_dir=/home/…/data_VT_SNN epochs=700 lr=0.001 output_size=20 sample_file=1 sc_false=5 sc_true=150 tauRho=1 theta=10 tsample=325 tsr_start=0 tsr_stop=325,8,,700,325,325,150,5,0.001,1,10,1,,,,,,,,,,,,,,,,,,,,,.,/home/tasbolat/some_python_examples/data_VT_SNN,700,0.800000011920929,1.0,84.47344970703125,0.9284104108810425,20,,0.3330569565296173,0.3380197286605835,5765.9453125,6026.01904296875,0
649e433e,vtsnn:tact,2020-04-26 18:04:45,0:18:37,completed,batch_size=8 checkpoint_dir=. data_dir=/home/…/data_VT_SNN epochs=2000 hidden_size=32 lr=0.001 output_size=20 sample_file=1 sc_false=5 sc_true=150 tauRho=1 theta=10 tsample=325 tsr_stop=325,8,,2000,325,325,150,5,0.001,1,10,1,,,,,,,,32,,,,,,,,,,,,,.,/home/tasbolat/some_python_examples/data_VT_SNN/,2000,0.7833333611488342,0.9708333611488342,104.6417465209961,47.5283203125,20,,0.30628904700279236,0.3112119138240814,6180.626953125,6494.28125,
c1402657,vtsnn:mm3,2020-04-26 11:24:35,0:22:40,completed,batch_size=8 checkpoint_dir=. data_dir=/home/…/data_VT_SNN epochs=700 lr=0.001 output_size=20 sample_file=5 sc_false=5 sc_true=150 tauRho=1 theta=10 tsample=325 tsr_start=0 tsr_stop=325 weightFunction=3,8,,700,325,325,150,5,0.001,5,10,1,,,,,,,,,,,,,,,,,,,,,.,/home/tasbolat/some_python_examples/data_VT_SNN,690,0.7333333492279053,0.9750000238418579,5748.455078125,3748.498046875,20,3,0.3420754671096802,0.3424035310745239,6387.1435546875,6454.29736328125,0
fc93050d,vtsnn:mm3,2020-04-26 11:01:53,0:22:41,completed,batch_size=8 checkpoint_dir=. data_dir=/home/…/data_VT_SNN epochs=700 lr=0.001 output_size=20 sample_file=5 sc_false=5 sc_true=150 tauRho=1 theta=10 tsample=325 tsr_start=0 tsr_stop=325 weightFunction=2,8,,700,325,325,150,5,0.001,5,10,1,,,,,,,,,,,,,,,,,,,,,.,/home/tasbolat/some_python_examples/data_VT_SNN,700,0.7333333492279053,0.9666666388511658,6101.47509765625,4353.734375,20,2,0.3414176106452942,0.3409901559352875,6369.693359375,6438.3798828125,0
e5d24861,vtsnn:mm3,2020-04-26 10:39:10,0:22:42,completed,batch_size=8 checkpoint_dir=. data_dir=/home/…/data_VT_SNN epochs=700 lr=0.001 output_size=20 sample_file=5 sc_false=5 sc_true=150 tauRho=1 theta=10 tsample=325 tsr_start=0 tsr_stop=325 weightFunction=1,8,,700,325,325,150,5,0.001,5,10,1,,,,,,,,,,,,,,,,,,,,,.,/home/tasbolat/some_python_examples/data_VT_SNN,690,0.7333333492279053,0.9833333492279053,5893.0185546875,3881.013671875,20,1,0.344112366437912,0.34384649991989136,6733.9248046875,6816.76904296875,0
c4278471,vtsnn:mm3,2020-04-26 10:15:33,0:23:37,completed,batch_size=8 checkpoint_dir=. data_dir=/home/…/data_VT_SNN epochs=700 lr=0.001 output_size=20 sample_file=4 sc_false=5 sc_true=150 tauRho=1 theta=10 tsample=325 tsr_start=0 tsr_stop=325 weightFunction=3,8,,700,325,325,150,5,0.001,4,10,1,,,,,,,,,,,,,,,,,,,,,.,/home/tasbolat/some_python_examples/data_VT_SNN,700,0.7833333611488342,0.9375,5590.20751953125,4161.0419921875,20,3,0.359392911195755,0.3545972406864166,7208.96630859375,7136.2705078125,0
a393d5b1,vtsnn:tact3,2020-04-26 09:55:16,0:21:15,completed,batch_size=8 checkpoint_dir=. data_dir=/home/…/data_VT_SNN epochs=2000 hidden_size=32 lr=0.001 output_size=20 sample_file=5 sc_false=5 sc_true=150 tauRho=1 theta=10 tsample=325 tsr_stop=325 weightFunction=3,8,,2000,325,325,150,5,0.001,5,10,1,,,,,,,,32,,,,,,,,,,,,,.,/home/tasbolat/some_python_examples/data_VT_SNN/,1990,0.6666666865348816,0.9458333253860474,7019.60986328125,5583.205078125,20,3,0.3379341959953308,0.33883771300315857,7900.45849609375,7956.38427734375,
57891c46,vtsnn:mm3,2020-04-26 09:47:58,0:27:35,completed,batch_size=8 checkpoint_dir=. data_dir=/home/…/data_VT_SNN epochs=700 lr=0.001 output_size=20 sample_file=4 sc_false=5 sc_true=150 tauRho=1 theta=10 tsample=325 tsr_start=0 tsr_stop=325 weightFunction=2,8,,700,325,325,150,5,0.001,4,10,1,,,,,,,,,,,,,,,,,,,,,.,/home/tasbolat/some_python_examples/data_VT_SNN,690,0.7333333492279053,0.9458333253860474,6114.6630859375,4575.28662109375,20,2,0.3598352074623108,0.3546164929866791,6964.83056640625,6875.90869140625,0
93f73303,vtsnn:tact3,2020-04-26 09:33:31,0:21:44,completed,batch_size=8 checkpoint_dir=. data_dir=/home/…/data_VT_SNN epochs=2000 hidden_size=32 lr=0.001 output_size=20 sample_file=5 sc_false=5 sc_true=150 tauRho=1 theta=10 tsample=325 tsr_stop=325 weightFunction=2,8,,2000,325,325,150,5,0.001,5,10,1,,,,,,,,32,,,,,,,,,,,,,.,/home/tasbolat/some_python_examples/data_VT_SNN/,2000,0.6666666865348816,0.9291666746139526,8052.10986328125,7490.7900390625,20,2,0.370456725358963,0.37133175134658813,9124.392578125,9179.6767578125,
4852ffbb,vtsnn:mm3,2020-04-26 09:20:28,0:27:29,completed,batch_size=8 checkpoint_dir=. data_dir=/home/…/data_VT_SNN epochs=700 lr=0.001 output_size=20 sample_file=4 sc_false=5 sc_true=150 tauRho=1 theta=10 tsample=325 tsr_start=0 tsr_stop=325 weightFunction=1,8,,700,325,325,150,5,0.001,4,10,1,,,,,,,,,,,,,,,,,,,,,.,/home/tasbolat/some_python_examples/data_VT_SNN,690,0.75,0.9666666388511658,5763.98193359375,4296.0283203125,20,1,0.3575090765953064,0.3508784770965576,6961.59521484375,6799.6640625,0
8e99af7f,vtsnn:tact3,2020-04-26 09:12:15,0:21:16,completed,batch_size=8 checkpoint_dir=. data_dir=/home/…/data_VT_SNN epochs=2000 hidden_size=32 lr=0.001 output_size=20 sample_file=5 sc_false=5 sc_true=150 tauRho=1 theta=10 tsample=325 tsr_stop=325 weightFunction=1,8,,2000,325,325,150,5,0.001,5,10,1,,,,,,,,32,,,,,,,,,,,,,.,/home/tasbolat/some_python_examples/data_VT_SNN/,2000,0.6666666865348816,0.9208333492279053,7276.244140625,6307.58642578125,20,1,0.32201772928237915,0.325775682926178,7392.8828125,7547.8046875,
2c5e3c7d,vtsnn:mm3,2020-04-26 08:53:02,0:27:25,completed,batch_size=8 checkpoint_dir=. data_dir=/home/…/data_VT_SNN epochs=700 lr=0.001 output_size=20 sample_file=3 sc_false=5 sc_true=150 tauRho=1 theta=10 tsample=325 tsr_start=0 tsr_stop=325 weightFunction=3,8,,700,325,325,150,5,0.001,3,10,1,,,,,,,,,,,,,,,,,,,,,.,/home/tasbolat/some_python_examples/data_VT_SNN,700,0.8500000238418579,0.949999988079071,5896.20751953125,4161.22998046875,20,3,0.3519338369369507,0.34736767411231995,6618.02490234375,6614.61279296875,0
2124c2b1,vtsnn:tact3,2020-04-26 08:50:53,0:21:21,completed,batch_size=8 checkpoint_dir=. data_dir=/home/…/data_VT_SNN epochs=2000 hidden_size=32 lr=0.001 output_size=20 sample_file=4 sc_false=5 sc_true=150 tauRho=1 theta=10 tsample=325 tsr_stop=325 weightFunction=3,8,,2000,325,325,150,5,0.001,4,10,1,,,,,,,,32,,,,,,,,,,,,,.,/home/tasbolat/some_python_examples/data_VT_SNN/,2000,0.6166666746139526,0.9166666865348816,7061.06298828125,5518.6162109375,20,3,0.33911657333374023,0.33589544892311096,7879.91015625,7843.84326171875,
9e955b21,vtsnn:tact3,2020-04-26 08:29:03,0:21:49,completed,batch_size=8 checkpoint_dir=. data_dir=/home/…/data_VT_SNN epochs=2000 hidden_size=32 lr=0.001 output_size=20 sample_file=4 sc_false=5 sc_true=150 tauRho=1 theta=10 tsample=325 tsr_stop=325 weightFunction=2,8,,2000,325,325,150,5,0.001,4,10,1,,,,,,,,32,,,,,,,,,,,,,.,/home/tasbolat/some_python_examples/data_VT_SNN/,2000,0.6000000238418579,0.8791666626930237,8119.73193359375,7462.0703125,20,2,0.35951924324035645,0.3570196330547333,8737.93359375,8778.091796875,
787eae54,vtsnn:mm3,2020-04-26 08:25:31,0:27:30,completed,batch_size=8 checkpoint_dir=. data_dir=/home/…/data_VT_SNN epochs=700 lr=0.001 output_size=20 sample_file=3 sc_false=5 sc_true=150 tauRho=1 theta=10 tsample=325 tsr_start=0 tsr_stop=325 weightFunction=2,8,,700,325,325,150,5,0.001,3,10,1,,,,,,,,,,,,,,,,,,,,,.,/home/tasbolat/some_python_examples/data_VT_SNN,700,0.7666666507720947,0.8916666507720947,6277.833984375,4619.28271484375,20,2,0.3497887849807739,0.34612494707107544,6613.8896484375,6657.18994140625,0
c502c421,vtsnn:tact3,2020-04-26 08:06:41,0:22:21,completed,batch_size=8 checkpoint_dir=. data_dir=/home/…/data_VT_SNN epochs=2000 hidden_size=32 lr=0.001 output_size=20 sample_file=4 sc_false=5 sc_true=150 tauRho=1 theta=10 tsample=325 tsr_stop=325 weightFunction=1,8,,2000,325,325,150,5,0.001,4,10,1,,,,,,,,32,,,,,,,,,,,,,.,/home/tasbolat/some_python_examples/data_VT_SNN/,2000,0.6499999761581421,0.9291666746139526,7436.86181640625,6190.52392578125,20,1,0.3407737612724304,0.3350408673286438,7897.38623046875,7815.6044921875,
8c52044a,vtsnn:mm3,2020-04-26 07:54:25,0:31:06,completed,batch_size=8 checkpoint_dir=. data_dir=/home/…/data_VT_SNN epochs=700 lr=0.001 output_size=20 sample_file=3 sc_false=5 sc_true=150 tauRho=1 theta=10 tsample=325 tsr_start=0 tsr_stop=325 weightFunction=1,8,,700,325,325,150,5,0.001,3,10,1,,,,,,,,,,,,,,,,,,,,,.,/home/tasbolat/some_python_examples/data_VT_SNN,700,0.8333333134651184,0.9916666746139526,5916.4072265625,4017.66943359375,20,1,0.3351958096027374,0.3316352069377899,6117.67529296875,6154.19140625,0
8fd8f8dc,vtsnn:tact3,2020-04-26 07:43:37,0:23:03,completed,batch_size=8 checkpoint_dir=. data_dir=/home/…/data_VT_SNN epochs=2000 hidden_size=32 lr=0.001 output_size=20 sample_file=3 sc_false=5 sc_true=150 tauRho=1 theta=10 tsample=325 tsr_stop=325 weightFunction=3,8,,2000,325,325,150,5,0.001,3,10,1,,,,,,,,32,,,,,,,,,,,,,.,/home/tasbolat/some_python_examples/data_VT_SNN/,2000,0.75,0.9458333253860474,6938.01220703125,5526.37890625,20,3,0.3304116725921631,0.3250701129436493,7623.787109375,7584.11865234375,
79f107e6,vtsnn:mm3,2020-04-26 07:19:18,0:35:06,completed,batch_size=8 checkpoint_dir=. data_dir=/home/…/data_VT_SNN epochs=700 lr=0.001 output_size=20 sample_file=2 sc_false=5 sc_true=150 tauRho=1 theta=10 tsample=325 tsr_start=0 tsr_stop=325 weightFunction=3,8,,700,325,325,150,5,0.001,2,10,1,,,,,,,,,,,,,,,,,,,,,.,/home/tasbolat/some_python_examples/data_VT_SNN,700,0.75,0.9708333611488342,6098.42138671875,4207.36181640625,20,3,0.34240785241127014,0.3428385555744171,6605.36181640625,6721.42431640625,0
f89d006c,vtsnn:tact3,2020-04-26 07:14:39,0:28:57,completed,batch_size=8 checkpoint_dir=. data_dir=/home/…/data_VT_SNN epochs=2000 hidden_size=32 lr=0.001 output_size=20 sample_file=3 sc_false=5 sc_true=150 tauRho=1 theta=10 tsample=325 tsr_stop=325 weightFunction=2,8,,2000,325,325,150,5,0.001,3,10,1,,,,,,,,32,,,,,,,,,,,,,.,/home/tasbolat/some_python_examples/data_VT_SNN/,1990,0.6833333373069763,0.9291666746139526,7955.70703125,7431.88037109375,20,2,0.35494139790534973,0.3506947159767151,8830.423828125,8773.16796875,
f3977dc1,vtsnn:tact3,2020-04-26 06:51:39,0:23:00,completed,batch_size=8 checkpoint_dir=. data_dir=/home/…/data_VT_SNN epochs=2000 hidden_size=32 lr=0.001 output_size=20 sample_file=3 sc_false=5 sc_true=150 tauRho=1 theta=10 tsample=325 tsr_stop=325 weightFunction=1,8,,2000,325,325,150,5,0.001,3,10,1,,,,,,,,32,,,,,,,,,,,,,.,/home/tasbolat/some_python_examples/data_VT_SNN/,2000,0.6499999761581421,0.9416666626930237,7466.2509765625,6307.12890625,20,1,0.3501262068748474,0.3438674211502075,8314.4453125,8208.3330078125,
8270360d,vtsnn:mm3,2020-04-26 06:46:39,0:32:38,completed,batch_size=8 checkpoint_dir=. data_dir=/home/…/data_VT_SNN epochs=700 lr=0.001 output_size=20 sample_file=2 sc_false=5 sc_true=150 tauRho=1 theta=10 tsample=325 tsr_start=0 tsr_stop=325 weightFunction=2,8,,700,325,325,150,5,0.001,2,10,1,,,,,,,,,,,,,,,,,,,,,.,/home/tasbolat/some_python_examples/data_VT_SNN,690,0.800000011920929,0.9666666388511658,6264.6806640625,4312.95166015625,20,2,0.3520801067352295,0.3509582281112671,6817.43408203125,6887.42333984375,0
661ad7d5,vtsnn:tact3,2020-04-26 06:26:44,0:24:54,completed,batch_size=8 checkpoint_dir=. data_dir=/home/…/data_VT_SNN epochs=2000 hidden_size=32 lr=0.001 output_size=20 sample_file=2 sc_false=5 sc_true=150 tauRho=1 theta=10 tsample=325 tsr_stop=325 weightFunction=3,8,,2000,325,325,150,5,0.001,2,10,1,,,,,,,,32,,,,,,,,,,,,,.,/home/tasbolat/some_python_examples/data_VT_SNN/,2000,0.6833333373069763,0.9624999761581421,7172.0693359375,5677.26806640625,20,3,0.3572956621646881,0.3608413636684418,8439.904296875,8686.6845703125,
9dc75b2b,vtsnn:mm3,2020-04-26 06:17:19,0:29:20,completed,batch_size=8 checkpoint_dir=. data_dir=/home/…/data_VT_SNN epochs=700 lr=0.001 output_size=20 sample_file=2 sc_false=5 sc_true=150 tauRho=1 theta=10 tsample=325 tsr_start=0 tsr_stop=325 weightFunction=1,8,,700,325,325,150,5,0.001,2,10,1,,,,,,,,,,,,,,,,,,,,,.,/home/tasbolat/some_python_examples/data_VT_SNN,700,0.75,0.9375,6183.92041015625,4339.8115234375,20,1,0.35302644968032837,0.34873896837234497,6809.62744140625,6773.99755859375,0
35076d5a,vtsnn:tact3,2020-04-26 06:05:14,0:21:29,completed,batch_size=8 checkpoint_dir=. data_dir=/home/…/data_VT_SNN epochs=2000 hidden_size=32 lr=0.001 output_size=20 sample_file=2 sc_false=5 sc_true=150 tauRho=1 theta=10 tsample=325 tsr_stop=325 weightFunction=2,8,,2000,325,325,150,5,0.001,2,10,1,,,,,,,,32,,,,,,,,,,,,,.,/home/tasbolat/some_python_examples/data_VT_SNN/,2000,0.6499999761581421,0.9375,8020.61865234375,7340.0185546875,20,2,0.36459437012672424,0.362189918756485,9149.66015625,9179.505859375,
628d745c,vtsnn:mm3,2020-04-26 05:47:55,0:29:23,completed,batch_size=8 checkpoint_dir=. data_dir=/home/…/data_VT_SNN epochs=700 lr=0.001 output_size=20 sample_file=1 sc_false=5 sc_true=150 tauRho=1 theta=10 tsample=325 tsr_start=0 tsr_stop=325 weightFunction=3,8,,700,325,325,150,5,0.001,1,10,1,,,,,,,,,,,,,,,,,,,,,.,/home/tasbolat/some_python_examples/data_VT_SNN,700,0.7166666388511658,0.9833333492279053,6046.76611328125,3857.134033203125,20,3,0.3303881585597992,0.3340737819671631,6116.90234375,6407.12158203125,0
de8e11d3,vtsnn:tact3,2020-04-26 05:38:15,0:26:59,completed,batch_size=8 checkpoint_dir=. data_dir=/home/…/data_VT_SNN epochs=2000 hidden_size=32 lr=0.001 output_size=20 sample_file=2 sc_false=5 sc_true=150 tauRho=1 theta=10 tsample=325 tsr_stop=325 weightFunction=1,8,,2000,325,325,150,5,0.001,2,10,1,,,,,,,,32,,,,,,,,,,,,,.,/home/tasbolat/some_python_examples/data_VT_SNN/,2000,0.6666666865348816,0.9166666865348816,7332.3857421875,6270.60498046875,20,1,0.3645447790622711,0.3673397898674011,8894.564453125,9139.3193359375,
6ee8e214,vtsnn:mm3,2020-04-26 05:20:48,0:27:06,completed,batch_size=8 checkpoint_dir=. data_dir=/home/…/data_VT_SNN epochs=700 lr=0.001 output_size=20 sample_file=1 sc_false=5 sc_true=150 tauRho=1 theta=10 tsample=325 tsr_start=0 tsr_stop=325 weightFunction=2,8,,700,325,325,150,5,0.001,1,10,1,,,,,,,,,,,,,,,,,,,,,.,/home/tasbolat/some_python_examples/data_VT_SNN,690,0.699999988079071,0.9666666388511658,6630.02783203125,4466.52197265625,20,2,0.33400672674179077,0.339607834815979,6086.599609375,6417.0908203125,0
107a5fcc,vtsnn:tact3,2020-04-26 05:15:28,0:22:47,completed,batch_size=8 checkpoint_dir=. data_dir=/home/…/data_VT_SNN epochs=2000 hidden_size=32 lr=0.001 output_size=20 sample_file=1 sc_false=5 sc_true=150 tauRho=1 theta=10 tsample=325 tsr_stop=325 weightFunction=3,8,,2000,325,325,150,5,0.001,1,10,1,,,,,,,,32,,,,,,,,,,,,,.,/home/tasbolat/some_python_examples/data_VT_SNN/,2000,0.6666666865348816,0.9291666746139526,6928.8876953125,5761.63623046875,20,3,0.34742337465286255,0.34996435046195984,8139.50439453125,8395.2529296875,
d5059fbb,vtsnn:mm3,2020-04-26 04:56:42,0:24:05,completed,batch_size=8 checkpoint_dir=. data_dir=/home/…/data_VT_SNN epochs=700 lr=0.001 output_size=20 sample_file=1 sc_false=5 sc_true=150 tauRho=1 theta=10 tsample=325 tsr_start=0 tsr_stop=325 weightFunction=1,8,,700,325,325,150,5,0.001,1,10,1,,,,,,,,,,,,,,,,,,,,,.,/home/tasbolat/some_python_examples/data_VT_SNN,700,0.6666666865348816,0.9708333611488342,6005.72412109375,3861.560546875,20,1,0.3464033901691437,0.3498508036136627,6563.015625,6823.63525390625,0
6da8082c,vtsnn:tact3,2020-04-26 04:56:41,0:18:46,completed,batch_size=8 checkpoint_dir=. data_dir=/home/…/data_VT_SNN epochs=2000 hidden_size=32 lr=0.001 output_size=20 sample_file=1 sc_false=5 sc_true=150 tauRho=1 theta=10 tsample=325 tsr_stop=325 weightFunction=2,8,,2000,325,325,150,5,0.001,1,10,1,,,,,,,,32,,,,,,,,,,,,,.,/home/tasbolat/some_python_examples/data_VT_SNN/,1990,0.6166666746139526,0.9125000238418579,7968.96044921875,7628.9189453125,20,2,0.3548046946525574,0.3574138879776001,8572.44921875,8816.376953125,
6b8c2ad8,vtsnn:tact3,2020-04-26 04:42:08,0:14:32,completed,batch_size=8 checkpoint_dir=. data_dir=/home/…/data_VT_SNN epochs=2000 hidden_size=32 lr=0.001 output_size=20 sample_file=1 sc_false=5 sc_true=150 tauRho=1 theta=10 tsample=325 tsr_stop=325 weightFunction=1,8,,2000,325,325,150,5,0.001,1,10,1,,,,,,,,32,,,,,,,,,,,,,.,/home/tasbolat/some_python_examples/data_VT_SNN/,2000,0.6333333253860474,0.9125000238418579,7235.29931640625,6485.21533203125,20,1,0.36515477299690247,0.36892953515052795,8733.11328125,8998.0869140625,
6c822d82,vtsnn:mm,2020-04-26 01:26:01,0:14:50,completed,batch_size=8 checkpoint_dir=. data_dir=/home/…/data_VT_SNN epochs=500 lr=0.001 output_size=20 sample_file=4 sc_false=5 sc_true=325 tsample=325 tsr_start=0 tsr_stop=325,8,,500,325,325,325,5,0.001,4,,,,,,,,,,,,,,,,,,,,,,,.,/home/tasbolat/some_python_examples/data_VT_SNN,500,0.8166666626930237,1.0,379.9832763671875,12.148152351379395,20,,0.3617296516895294,0.3639635741710663,7036.03515625,7395.24365234375,0
ce36d214,vtsnn:mm,2020-04-26 01:17:53,0:14:22,completed,batch_size=8 checkpoint_dir=. data_dir=/home/…/data_VT_SNN epochs=500 lr=0.001 output_size=20 sample_file=4 sc_false=5 sc_true=150 tsample=325 tsr_start=0 tsr_stop=325,8,,500,325,325,150,5,0.001,4,,,,,,,,,,,,,,,,,,,,,,,.,/home/tasbolat/some_python_examples/data_VT_SNN,500,0.8666666746139526,1.0,62.1390380859375,0.4086667597293854,20,,0.33078014850616455,0.32621654868125916,5590.21728515625,5537.05712890625,0
8884abe5,vtsnn:mm,2020-04-26 00:04:57,0:13:37,completed,batch_size=8 checkpoint_dir=. data_dir=/home/…/data_VT_SNN epochs=500 lr=0.001 output_size=20 sample_file=4 sc_false=5 sc_true=150 tsample=325 tsr_start=0 tsr_stop=150,8,,500,325,150,150,5,0.001,4,,,,,,,,,,,,,,,,,,,,,,,.,/home/tasbolat/some_python_examples/data_VT_SNN,500,0.5666666626930237,1.0,311.33587646484375,26.352529525756836,20,,0.4250101149082184,0.4213246703147888,9955.5009765625,9865.123046875,0
4ec41562,vtsnn:mm,2020-04-26 00:02:00,0:13:22,completed,batch_size=8 checkpoint_dir=. data_dir=/home/…/data_VT_SNN epochs=500 lr=0.001 output_size=20 sample_file=1 sc_false=5 sc_true=150 tsample=325 tsr_start=0 tsr_stop=150,8,,500,325,150,150,5,0.001,1,,,,,,,,,,,,,,,,,,,,,,,.,/home/tasbolat/some_python_examples/data_VT_SNN,500,0.6000000238418579,1.0,417.56097412109375,26.054048538208008,20,,0.4005080759525299,0.4023275077342987,9358.48828125,9555.244140625,0
2fd87de2,vtsnn:mm2,2020-04-24 05:51:08,0:15:19,completed,batch_size=8 checkpoint_dir=. data_dir=/home/…/data_VT_SNN epochs=500 lr=0.001 output_size=20 sample_file=5 sc_false=5 sc_true=150 tsample=325 tsr_stop=325,8,,500,325,325,150,5,0.001,5,,,,,,,,,,,,,,,,,,,,,,,.,/home/tasbolat/some_python_examples/data_VT_SNN,500,0.7666666507720947,1.0,14686250.0,586772.625,20,,0.38265568017959595,0.3832978308200836,8123.61181640625,8425.9638671875,
9b3e4d42,vtsnn:tact2,2020-04-24 05:48:37,0:16:25,completed,batch_size=8 checkpoint_dir=. data_dir=/home/…/data_VT_SNN epochs=2000 hidden_size=32 lr=0.001 output_size=20 sample_file=5 sc_false=5 sc_true=150 tauRho=1 theta=10 tsample=325 tsr_stop=325,8,,2000,325,325,150,5,0.001,5,10,1,,,,,,,,32,,,,,,,,,,,,,.,/home/tasbolat/some_python_examples/data_VT_SNN/,2000,0.699999988079071,0.9541666507720947,21475288.0,18818762.0,20,,0.3512890338897705,0.35492146015167236,8418.6015625,8606.8515625,
67441ddf,vtsnn:mm2,2020-04-24 05:35:42,0:15:26,completed,batch_size=8 checkpoint_dir=. data_dir=/home/…/data_VT_SNN epochs=500 lr=0.001 output_size=20 sample_file=4 sc_false=5 sc_true=150 tsample=325 tsr_stop=325,8,,500,325,325,150,5,0.001,4,,,,,,,,,,,,,,,,,,,,,,,.,/home/tasbolat/some_python_examples/data_VT_SNN,500,0.8166666626930237,1.0,12284055.0,603846.75,20,,0.38752931356430054,0.3864003121852875,8039.6337890625,8305.3505859375,
4fad84ea,vtsnn:tact2,2020-04-24 05:32:15,0:16:21,completed,batch_size=8 checkpoint_dir=. data_dir=/home/…/data_VT_SNN epochs=2000 hidden_size=32 lr=0.001 output_size=20 sample_file=4 sc_false=5 sc_true=150 tauRho=1 theta=10 tsample=325 tsr_stop=325,8,,2000,325,325,150,5,0.001,4,10,1,,,,,,,,32,,,,,,,,,,,,,.,/home/tasbolat/some_python_examples/data_VT_SNN/,2000,0.6333333253860474,0.925000011920929,22052492.0,18717942.0,20,,0.3571273982524872,0.35340189933776855,8622.701171875,8553.6513671875,
ed8abc95,vtsnn:mm2,2020-04-24 05:20:15,0:15:26,completed,batch_size=8 checkpoint_dir=. data_dir=/home/…/data_VT_SNN epochs=500 lr=0.001 output_size=20 sample_file=3 sc_false=5 sc_true=150 tsample=325 tsr_stop=325,8,,500,325,325,150,5,0.001,3,,,,,,,,,,,,,,,,,,,,,,,.,/home/tasbolat/some_python_examples/data_VT_SNN,500,0.8500000238418579,1.0,13651134.0,590366.5,20,,0.3945862054824829,0.39237484335899353,8102.3359375,8397.919921875,
493f279a,vtsnn:tact2,2020-04-24 05:15:52,0:16:22,completed,batch_size=8 checkpoint_dir=. data_dir=/home/…/data_VT_SNN epochs=2000 hidden_size=32 lr=0.001 output_size=20 sample_file=3 sc_false=5 sc_true=150 tauRho=1 theta=10 tsample=325 tsr_stop=325,8,,2000,325,325,150,5,0.001,3,10,1,,,,,,,,32,,,,,,,,,,,,,.,/home/tasbolat/some_python_examples/data_VT_SNN/,2000,0.7833333611488342,0.9416666626930237,21578438.0,18803326.0,20,,0.3611298203468323,0.355899453163147,8610.021484375,8582.5478515625,
08b64b7d,vtsnn:mm2,2020-04-24 05:04:48,0:15:26,completed,batch_size=8 checkpoint_dir=. data_dir=/home/…/data_VT_SNN epochs=500 lr=0.001 output_size=20 sample_file=2 sc_false=5 sc_true=150 tsample=325 tsr_stop=325,8,,500,325,325,150,5,0.001,2,,,,,,,,,,,,,,,,,,,,,,,.,/home/tasbolat/some_python_examples/data_VT_SNN,500,0.7166666388511658,1.0,16389509.0,593860.625,20,,0.38651734590530396,0.3812905251979828,8107.95166015625,8260.5673828125,
4862fecf,vtsnn:tact2,2020-04-24 04:59:44,0:16:07,completed,batch_size=8 checkpoint_dir=. data_dir=/home/…/data_VT_SNN epochs=2000 hidden_size=32 lr=0.001 output_size=20 sample_file=2 sc_false=5 sc_true=150 tauRho=1 theta=10 tsample=325 tsr_stop=325,8,,2000,325,325,150,5,0.001,2,10,1,,,,,,,,32,,,,,,,,,,,,,.,/home/tasbolat/some_python_examples/data_VT_SNN/,2000,0.7166666388511658,0.9624999761581421,21635318.0,18347868.0,20,,0.3305513858795166,0.32768070697784424,7501.66015625,7532.66943359375,
f857c1a7,vtsnn:mm2,2020-04-24 04:49:20,0:15:28,completed,batch_size=8 checkpoint_dir=. data_dir=/home/…/data_VT_SNN epochs=500 lr=0.001 output_size=20 sample_file=1 sc_false=5 sc_true=150 tsample=325 tsr_stop=325,8,,500,325,325,150,5,0.001,1,,,,,,,,,,,,,,,,,,,,,,,.,/home/tasbolat/some_python_examples/data_VT_SNN,500,0.7666666507720947,1.0,14205280.0,576470.625,20,,0.3814576268196106,0.3818703889846802,7844.044921875,8233.0478515625,
412b9704,vtsnn:tact2,2020-04-24 04:44:03,0:15:40,completed,batch_size=8 checkpoint_dir=. data_dir=/home/…/data_VT_SNN epochs=2000 hidden_size=32 lr=0.001 output_size=20 sample_file=1 sc_false=5 sc_true=150 tauRho=1 theta=10 tsample=325 tsr_stop=325,8,,2000,325,325,150,5,0.001,1,10,1,,,,,,,,32,,,,,,,,,,,,,.,/home/tasbolat/some_python_examples/data_VT_SNN/,2000,0.6833333373069763,0.9291666746139526,21524752.0,19093426.0,20,,0.35190051794052124,0.35372194647789,8326.6025390625,8547.65234375,
5ba90b52,vtsnn:mm,2020-04-24 01:40:39,0:14:11,completed,batch_size=8 checkpoint_dir=. data_dir=/home/…/data_VT_SNN epochs=500 lr=0.001 output_size=20 sample_file=5 sc_false=5 sc_true=150 tsample=325 tsr_stop=325,8,,500,325,325,150,5,0.001,5,,,,,,,,,,,,,,,,,,,,,,,.,/home/tasbolat/some_python_examples/data_VT_SNN,500,0.8333333134651184,0.9958333373069763,81.13326263427734,5.770461082458496,20,,0.3220130205154419,0.32445722818374634,5649.23583984375,5774.49072265625,
2a9334a2,vtsnn:mm,2020-04-24 01:26:27,0:14:11,completed,batch_size=8 checkpoint_dir=. data_dir=/home/…/data_VT_SNN epochs=500 lr=0.001 output_size=20 sample_file=4 sc_false=5 sc_true=150 tsample=325 tsr_stop=325,8,,500,325,325,150,5,0.001,4,,,,,,,,,,,,,,,,,,,,,,,.,/home/tasbolat/some_python_examples/data_VT_SNN,500,0.8500000238418579,1.0,73.1028823852539,0.6704616546630859,20,,0.32834821939468384,0.3273167908191681,5614.0390625,5675.31396484375,
17c3cf0e,vtsnn:mm,2020-04-24 01:12:13,0:14:13,completed,batch_size=8 checkpoint_dir=. data_dir=/home/…/data_VT_SNN epochs=500 lr=0.001 output_size=20 sample_file=3 sc_false=5 sc_true=150 tsample=325 tsr_stop=325,8,,500,325,325,150,5,0.001,3,,,,,,,,,,,,,,,,,,,,,,,.,/home/tasbolat/some_python_examples/data_VT_SNN,500,0.8333333134651184,1.0,86.3705825805664,0.5441539287567139,20,,0.3161134719848633,0.3180866539478302,5417.248046875,5575.30029296875,
fba80b50,vtsnn:mm,2020-04-24 00:57:41,0:14:32,completed,batch_size=8 checkpoint_dir=. data_dir=/home/…/data_VT_SNN epochs=500 lr=0.001 output_size=20 sample_file=2 sc_false=5 sc_true=150 tsample=325 tsr_stop=325,8,,500,325,325,150,5,0.001,2,,,,,,,,,,,,,,,,,,,,,,,.,/home/tasbolat/some_python_examples/data_VT_SNN,500,0.8333333134651184,1.0,82.74422454833984,0.8201537728309631,20,,0.33936989307403564,0.3376990854740143,6125.32666015625,6079.60693359375,
a7e5721b,vtsnn:tact,2020-04-24 00:56:11,0:04:05,completed,batch_size=8 checkpoint_dir=. data_dir=/home/…/data_VT_SNN epochs=500 hidden_size=32 lr=0.001 output_size=20 sample_file=5 sc_false=5 sc_true=150 tauRho=1 theta=10 tsample=325 tsr_stop=325,8,,500,325,325,150,5,0.001,5,10,1,,,,,,,,32,,,,,,,,,,,,,.,/home/tasbolat/some_python_examples/data_VT_SNN/,500,0.6833333373069763,0.8166666626930237,145.12210083007812,128.53903198242188,20,,0.27066707611083984,0.27020353078842163,4684.125,4669.392578125,
be8f67c5,vtsnn:tact,2020-04-24 00:52:06,0:04:04,completed,batch_size=8 checkpoint_dir=. data_dir=/home/…/data_VT_SNN epochs=500 hidden_size=32 lr=0.001 output_size=20 sample_file=4 sc_false=5 sc_true=150 tauRho=1 theta=10 tsample=325 tsr_stop=325,8,,500,325,325,150,5,0.001,4,10,1,,,,,,,,32,,,,,,,,,,,,,.,/home/tasbolat/some_python_examples/data_VT_SNN/,500,0.6666666865348816,0.8291666507720947,147.64768981933594,126.41661834716797,20,,0.2634885907173157,0.25836381316185,4581.26416015625,4446.94189453125,
bb680e35,vtsnn:tact,2020-04-24 00:48:03,0:04:03,completed,batch_size=8 checkpoint_dir=. data_dir=/home/…/data_VT_SNN epochs=500 hidden_size=32 lr=0.001 output_size=20 sample_file=3 sc_false=5 sc_true=150 tauRho=1 theta=10 tsample=325 tsr_stop=325,8,,500,325,325,150,5,0.001,3,10,1,,,,,,,,32,,,,,,,,,,,,,.,/home/tasbolat/some_python_examples/data_VT_SNN/,500,0.75,0.8374999761581421,143.6469268798828,126.08016967773438,20,,0.2588176131248474,0.2566530406475067,4357.5185546875,4365.73974609375,
c3fa8d92,vtsnn:tact,2020-04-24 00:44:00,0:04:03,completed,batch_size=8 checkpoint_dir=. data_dir=/home/…/data_VT_SNN epochs=500 hidden_size=32 lr=0.001 output_size=20 sample_file=2 sc_false=5 sc_true=150 tauRho=1 theta=10 tsample=325 tsr_stop=325,8,,500,325,325,150,5,0.001,2,10,1,,,,,,,,32,,,,,,,,,,,,,.,/home/tasbolat/some_python_examples/data_VT_SNN/,500,0.6000000238418579,0.887499988079071,148.165771484375,125.75466918945312,20,,0.264723539352417,0.2624287009239197,4571.62841796875,4563.8642578125,
bf14551e,vtsnn:mm,2020-04-24 00:42:14,0:15:26,completed,batch_size=8 checkpoint_dir=. data_dir=/home/…/data_VT_SNN epochs=500 lr=0.001 output_size=20 sample_file=1 sc_false=5 sc_true=150 tsample=325 tsr_stop=325,8,,500,325,325,150,5,0.001,1,,,,,,,,,,,,,,,,,,,,,,,.,/home/tasbolat/some_python_examples/data_VT_SNN,500,0.8333333134651184,1.0,81.13806915283203,0.9738975167274475,20,,0.33105453848838806,0.3338678479194641,5735.037109375,5968.28271484375,
8c647c83,vtsnn:tact,2020-04-24 00:40:08,0:03:51,completed,batch_size=8 checkpoint_dir=. data_dir=/home/…/data_VT_SNN epochs=500 hidden_size=32 lr=0.001 output_size=20 sample_file=1 sc_false=5 sc_true=150 tauRho=1 theta=10 tsample=325 tsr_stop=325,8,,500,325,325,150,5,0.001,1,10,1,,,,,,,,32,,,,,,,,,,,,,.,/home/tasbolat/some_python_examples/data_VT_SNN/,500,0.6499999761581421,0.8041666746139526,147.7611541748047,126.0298080444336,20,,0.2558082938194275,0.26145070791244507,4209.22705078125,4467.3681640625,
442b7a1c,vtsnn:tact,2020-04-16 19:21:11,0:20:15,completed,batch_size=8 checkpoint_dir=. data_dir=/…/data_VT_SNN_2_500 epochs=1500 hidden_size=32 lr=0.001 output_size=20 sample_file=4 sc_false=50 sc_true=250 tauRho=1 theta=10 tsample=500 tsr_stop=200,8,,1500,500,200,250,50,0.001,4,10,1,,,,,,,,32,,,,,,,,,,,,,.,/home/tasbolat/some_python_examples/data_VT_SNN_2_500/,1500,0.04374999925494194,0.0703125,2770.965576171875,1372.475341796875,20,,0.053937893360853195,0.05336211249232292,467.6042175292969,455.93365478515625,
95fd40f9,vtsnn:tact,2020-04-16 19:01:11,0:20:00,completed,batch_size=8 checkpoint_dir=. data_dir=/…/data_VT_SNN_2_500 epochs=1500 hidden_size=32 lr=0.001 output_size=20 sample_file=4 sc_false=50 sc_true=120 tauRho=1 theta=10 tsample=500 tsr_stop=200,8,,1500,500,200,120,50,0.001,4,10,1,,,,,,,,32,,,,,,,,,,,,,.,/home/tasbolat/some_python_examples/data_VT_SNN_2_500/,1500,0.05000000074505806,0.0703125,1892.2991943359375,461.9086608886719,20,,0.05428750440478325,0.05355937406420708,462.2085876464844,448.5755920410156,
4741c862,vtsnn:tact,2020-04-16 18:41:04,0:20:06,completed,batch_size=8 checkpoint_dir=. data_dir=/…/data_VT_SNN_2_500 epochs=1500 hidden_size=32 lr=0.001 output_size=20 sample_file=4 sc_false=50 sc_true=60 tauRho=1 theta=10 tsample=500 tsr_stop=200,8,,1500,500,200,60,50,0.001,4,10,1,,,,,,,,32,,,,,,,,,,,,,.,/home/tasbolat/some_python_examples/data_VT_SNN_2_500/,1500,0.05000000074505806,0.05156249925494194,1482.03662109375,325.9703674316406,20,,0.05140547826886177,0.050752539187669754,429.4662170410156,418.0102233886719,
cf5bb434,vtsnn:tact,2020-04-16 18:21:18,0:19:46,completed,batch_size=8 checkpoint_dir=. data_dir=/…/data_VT_SNN_2_500 epochs=1500 hidden_size=32 lr=0.001 output_size=20 sample_file=4 sc_false=25 sc_true=250 tauRho=1 theta=10 tsample=500 tsr_stop=200,8,,1500,500,200,250,25,0.001,4,10,1,,,,,,,,32,,,,,,,,,,,,,.,/home/tasbolat/some_python_examples/data_VT_SNN_2_500/,1500,0.13124999403953552,0.14218750596046448,1307.5814208984375,1066.3616943359375,20,,0.04851016029715538,0.04759678617119789,435.07989501953125,417.9396667480469,
dbd4f44a,vtsnn:tact,2020-04-16 18:01:48,0:19:29,completed,batch_size=8 checkpoint_dir=. data_dir=/…/data_VT_SNN_2_500 epochs=1500 hidden_size=32 lr=0.001 output_size=20 sample_file=4 sc_false=25 sc_true=120 tauRho=1 theta=10 tsample=500 tsr_stop=200,8,,1500,500,200,120,25,0.001,4,10,1,,,,,,,,32,,,,,,,,,,,,,.,/home/tasbolat/some_python_examples/data_VT_SNN_2_500/,1500,0.13750000298023224,0.13124999403953552,556.4303588867188,197.55165100097656,20,,0.046258602291345596,0.04509131237864494,354.2535095214844,333.8179016113281,
72be83ed,vtsnn:tact,2020-04-16 17:42:29,0:19:19,completed,batch_size=8 checkpoint_dir=. data_dir=/…/data_VT_SNN_2_500 epochs=1500 hidden_size=32 lr=0.001 output_size=20 sample_file=4 sc_false=25 sc_true=60 tauRho=1 theta=10 tsample=500 tsr_stop=200,8,,1500,500,200,60,25,0.001,4,10,1,,,,,,,,32,,,,,,,,,,,,,.,/home/tasbolat/some_python_examples/data_VT_SNN_2_500/,1500,0.10625000298023224,0.12031249701976776,462.4102478027344,45.76877975463867,20,,0.04686133190989494,0.04550078511238098,369.8815612792969,345.3053894042969,
b9ad8928,vtsnn:tact,2020-04-16 17:22:23,0:20:05,completed,batch_size=8 checkpoint_dir=. data_dir=/…/data_VT_SNN_2_500 epochs=1500 hidden_size=32 lr=0.001 output_size=20 sample_file=1 sc_false=50 sc_true=250 tauRho=1 theta=10 tsample=500 tsr_stop=200,8,,1500,500,200,250,50,0.001,1,10,1,,,,,,,,32,,,,,,,,,,,,,.,/home/tasbolat/some_python_examples/data_VT_SNN_2_500/,1500,0.0625,0.07187499850988388,1112.6312255859375,1213.60546875,20,,0.0489855520427227,0.04958007484674454,395.0309753417969,406.16558837890625,
fa8949e0,vtsnn:tact,2020-04-16 17:02:14,0:20:09,completed,batch_size=8 checkpoint_dir=. data_dir=/…/data_VT_SNN_2_500 epochs=1500 hidden_size=32 lr=0.001 output_size=20 sample_file=1 sc_false=50 sc_true=120 tauRho=1 theta=10 tsample=500 tsr_stop=200,8,,1500,500,200,120,50,0.001,1,10,1,,,,,,,,32,,,,,,,,,,,,,.,/home/tasbolat/some_python_examples/data_VT_SNN_2_500/,1500,0.05000000074505806,0.05781250074505806,270.5312194824219,515.577880859375,20,,0.05264297127723694,0.05326864868402481,425.095703125,434.9134826660156,
4a3b1778,vtsnn:tact,2020-04-16 15:31:04,1:31:09,completed,batch_size=8 checkpoint_dir=. data_dir=/…/data_VT_SNN_2_500 epochs=1500 hidden_size=32 lr=0.001 output_size=20 sample_file=1 sc_false=50 sc_true=60 tauRho=1 theta=10 tsample=500 tsr_stop=200,8,,1500,500,200,60,50,0.001,1,10,1,,,,,,,,32,,,,,,,,,,,,,.,/home/tasbolat/some_python_examples/data_VT_SNN_2_500/,1500,0.05000000074505806,0.0546875,166.4357452392578,200.9432373046875,20,,0.05013945326209068,0.05091874673962593,408.5964050292969,419.3872985839844,
048c886a,vtsnn:tact,2020-04-16 13:47:34,3:03:34,completed,batch_size=8 checkpoint_dir=. data_dir=/…/data_VT_SNN_2_200 epochs=4000 hidden_size=32 lr=0.001 output_size=20 sample_file=4 sc_false=15 sc_true=60 tauRho=1 theta=10 tsample=200 tsr_stop=200,8,,4000,200,200,60,15,0.001,4,10,1,,,,,,,,32,,,,,,,,,,,,,.,/home/tasbolat/some_python_examples/data_VT_SNN_2_200/,3990,0.40625,0.7953125238418579,34.52812576293945,23.533842086791992,20,,0.1877754032611847,0.1874975860118866,949.8292846679688,949.0379028320312,
452949d5,vtsnn:tact,2020-04-16 13:40:52,1:50:11,completed,batch_size=8 checkpoint_dir=. data_dir=/…/data_VT_SNN_2_500 epochs=1500 hidden_size=32 lr=0.001 output_size=20 sample_file=1 sc_false=25 sc_true=250 tauRho=1 theta=10 tsample=500 tsr_stop=200,8,,1500,500,200,250,25,0.001,1,10,1,,,,,,,,32,,,,,,,,,,,,,.,/home/tasbolat/some_python_examples/data_VT_SNN_2_500/,1490,0.15625,0.17343750596046448,968.5086059570312,1031.84130859375,20,,0.0431019589304924,0.043268848210573196,347.6061706542969,349.4932861328125,
98ad2150,vtsnn:tact,2020-04-16 13:06:07,0:34:44,completed,batch_size=8 checkpoint_dir=. data_dir=/…/data_VT_SNN_2_500 epochs=1500 hidden_size=32 lr=0.001 output_size=20 sample_file=1 sc_false=25 sc_true=120 tauRho=1 theta=10 tsample=500 tsr_stop=200,8,,1500,500,200,120,25,0.001,1,10,1,,,,,,,,32,,,,,,,,,,,,,.,/home/tasbolat/some_python_examples/data_VT_SNN_2_500/,1500,0.08749999850988388,0.15312500298023224,208.2711181640625,208.0823974609375,20,,0.04209882766008377,0.04235772043466568,304.3026428222656,304.35662841796875,
9427bdb7,vtsnn:tact,2020-04-16 12:34:35,0:31:32,completed,batch_size=8 checkpoint_dir=. data_dir=/…/data_VT_SNN_2_500 epochs=1500 hidden_size=32 lr=0.001 output_size=20 sample_file=1 sc_false=25 sc_true=60 tauRho=1 theta=10 tsample=500 tsr_stop=200,8,,1500,500,200,60,25,0.001,1,10,1,,,,,,,,32,,,,,,,,,,,,,.,/home/tasbolat/some_python_examples/data_VT_SNN_2_500/,1500,0.10000000149011612,0.12968750298023224,72.39984893798828,75.0097885131836,20,,0.04331836476922035,0.04347158595919609,319.6006774902344,316.5590515136719,
35967441,vtsnn:tact,2020-04-16 12:33:58,1:13:35,completed,batch_size=8 checkpoint_dir=. data_dir=/…/data_VT_SNN_2_200 epochs=4000 hidden_size=32 lr=0.001 output_size=20 sample_file=1 sc_false=15 sc_true=60 tauRho=1 theta=10 tsample=200 tsr_stop=200,8,,4000,200,200,60,15,0.001,1,10,1,,,,,,,,32,,,,,,,,,,,,,.,/home/tasbolat/some_python_examples/data_VT_SNN_2_200/,3990,0.40625,0.7890625,34.049251556396484,23.87481689453125,20,,0.1974492222070694,0.1973589062690735,1118.902587890625,1107.50634765625,
4e233055,vtsnn:tact,2020-04-16 00:33:42,0:19:45,completed,batch_size=8 checkpoint_dir=. data_dir=/…/data_VT_SNN_2_500 epochs=1500 hidden_size=32 lr=0.001 output_size=20 sample_file=4 sc_false=50 sc_true=250 tauRho=1 theta=10 tsample=200 tsr_stop=200,8,,1500,200,200,250,50,0.001,4,10,1,,,,,,,,32,,,,,,,,,,,,,.,/home/tasbolat/some_python_examples/data_VT_SNN_2_500/,1500,0.05000000074505806,0.07343749701976776,2468.143798828125,1316.6981201171875,20,,0.05089414119720459,0.0504993200302124,429.7184753417969,421.02960205078125,
c30f3108,vtsnn:tact,2020-04-16 00:13:58,0:19:44,completed,batch_size=8 checkpoint_dir=. data_dir=/…/data_VT_SNN_2_500 epochs=1500 hidden_size=32 lr=0.001 output_size=20 sample_file=4 sc_false=50 sc_true=120 tauRho=1 theta=10 tsample=200 tsr_stop=200,8,,1500,200,200,120,50,0.001,4,10,1,,,,,,,,32,,,,,,,,,,,,,.,/home/tasbolat/some_python_examples/data_VT_SNN_2_500/,1500,0.05000000074505806,0.08906249701976776,2079.59326171875,512.6377563476562,20,,0.057478129863739014,0.056849606335163116,492.95587158203125,480.5180358886719,
5be912c6,vtsnn:tact,2020-04-15 23:54:19,0:19:38,completed,batch_size=8 checkpoint_dir=. data_dir=/…/data_VT_SNN_2_500 epochs=1500 hidden_size=32 lr=0.001 output_size=20 sample_file=4 sc_false=50 sc_true=60 tauRho=1 theta=10 tsample=200 tsr_stop=200,8,,1500,200,200,60,50,0.001,4,10,1,,,,,,,,32,,,,,,,,,,,,,.,/home/tasbolat/some_python_examples/data_VT_SNN_2_500/,1500,0.06875000149011612,0.04843749850988388,1309.9149169921875,194.66847229003906,20,,0.047421880066394806,0.04664747044444084,389.9273376464844,377.9244079589844,
9d1419fa,vtsnn:tact,2020-04-15 23:35:10,0:19:09,completed,batch_size=8 checkpoint_dir=. data_dir=/…/data_VT_SNN_2_500 epochs=1500 hidden_size=32 lr=0.001 output_size=20 sample_file=4 sc_false=25 sc_true=250 tauRho=1 theta=10 tsample=200 tsr_stop=200,8,,1500,200,200,250,25,0.001,4,10,1,,,,,,,,32,,,,,,,,,,,,,.,/home/tasbolat/some_python_examples/data_VT_SNN_2_500/,1500,0.13124999403953552,0.11562500149011612,1296.8414306640625,1049.2567138671875,20,,0.0499691441655159,0.049098726361989975,447.05987548828125,429.5566101074219,
d4bb30ee,vtsnn:tact,2020-04-15 23:16:28,0:18:41,completed,batch_size=8 checkpoint_dir=. data_dir=/…/data_VT_SNN_2_500 epochs=1500 hidden_size=32 lr=0.001 output_size=20 sample_file=4 sc_false=25 sc_true=120 tauRho=1 theta=10 tsample=200 tsr_stop=200,8,,1500,200,200,120,25,0.001,4,10,1,,,,,,,,32,,,,,,,,,,,,,.,/home/tasbolat/some_python_examples/data_VT_SNN_2_500/,1500,0.11874999850988388,0.1328125,611.2379760742188,209.7240753173828,20,,0.04292226955294609,0.0419725626707077,306.6582946777344,291.2705383300781,
bbefc2bf,vtsnn:tact,2020-04-15 22:57:57,0:18:31,completed,batch_size=8 checkpoint_dir=. data_dir=/…/data_VT_SNN_2_500 epochs=1500 hidden_size=32 lr=0.001 output_size=20 sample_file=4 sc_false=25 sc_true=60 tauRho=1 theta=10 tsample=200 tsr_stop=200,8,,1500,200,200,60,25,0.001,4,10,1,,,,,,,,32,,,,,,,,,,,,,.,/home/tasbolat/some_python_examples/data_VT_SNN_2_500/,1500,0.10625000298023224,0.11874999850988388,648.8983764648438,47.49800109863281,20,,0.042085155844688416,0.04102275148034096,312.34844970703125,294.3892822265625,
645b2ec4,vtsnn:tact,2020-04-15 22:38:29,0:19:27,completed,batch_size=8 checkpoint_dir=. data_dir=/…/data_VT_SNN_2_500 epochs=1500 hidden_size=32 lr=0.001 output_size=20 sample_file=1 sc_false=50 sc_true=250 tauRho=1 theta=10 tsample=200 tsr_stop=200,8,,1500,200,200,250,50,0.001,1,10,1,,,,,,,,32,,,,,,,,,,,,,.,/home/tasbolat/some_python_examples/data_VT_SNN_2_500/,1500,0.05000000074505806,0.05312500149011612,1231.1773681640625,1384.2698974609375,20,,0.04293984919786453,0.043308306485414505,347.7880859375,355.4141845703125,
bd8768a0,vtsnn:tact,2020-04-15 22:19:03,0:19:26,completed,batch_size=8 checkpoint_dir=. data_dir=/…/data_VT_SNN_2_500 epochs=1500 hidden_size=32 lr=0.001 output_size=20 sample_file=1 sc_false=50 sc_true=120 tauRho=1 theta=10 tsample=200 tsr_stop=200,8,,1500,200,200,120,50,0.001,1,10,1,,,,,,,,32,,,,,,,,,,,,,.,/home/tasbolat/some_python_examples/data_VT_SNN_2_500/,1500,0.0625,0.07187499850988388,284.30889892578125,433.9783630371094,20,,0.05339101701974869,0.05401464179158211,438.2887878417969,446.9396667480469,
02561a23,vtsnn:tact,2020-04-15 21:59:41,0:19:21,completed,batch_size=8 checkpoint_dir=. data_dir=/…/data_VT_SNN_2_500 epochs=1500 hidden_size=32 lr=0.001 output_size=20 sample_file=1 sc_false=50 sc_true=60 tauRho=1 theta=10 tsample=200 tsr_stop=200,8,,1500,200,200,60,50,0.001,1,10,1,,,,,,,,32,,,,,,,,,,,,,.,/home/tasbolat/some_python_examples/data_VT_SNN_2_500/,1500,0.05000000074505806,0.0625,131.50889587402344,284.2527770996094,20,,0.05445782095193863,0.055134572088718414,455.48321533203125,463.36578369140625,
92d63685,vtsnn:tact,2020-04-15 21:31:16,0:25:01,completed,batch_size=8 checkpoint_dir=. data_dir=/…/data_VT_SNN_2_200 epochs=1500 hidden_size=32 lr=0.001 output_size=20 sample_file=4 sc_false=15 sc_true=120 tauRho=1 theta=10 tsample=200 tsr_stop=200,8,,1500,200,200,120,15,0.001,4,10,1,,,,,,,,32,,,,,,,,,,,,,.,/home/tasbolat/some_python_examples/data_VT_SNN_2_200/,1500,0.3499999940395355,0.668749988079071,175.53587341308594,146.14308166503906,20,,0.20396482944488525,0.2017892599105835,1166.786376953125,1154.2952880859375,
1bd5b96c,vtsnn:tact,2020-04-15 21:31:12,0:28:28,completed,batch_size=8 checkpoint_dir=. data_dir=/…/data_VT_SNN_2_500 epochs=1500 hidden_size=32 lr=0.001 output_size=20 sample_file=1 sc_false=25 sc_true=250 tauRho=1 theta=10 tsample=200 tsr_stop=200,8,,1500,200,200,250,25,0.001,1,10,1,,,,,,,,32,,,,,,,,,,,,,.,/home/tasbolat/some_python_examples/data_VT_SNN_2_500/,1500,0.16249999403953552,0.14687499403953552,973.0556640625,1045.806396484375,20,,0.04422891139984131,0.04453770071268082,349.5205078125,353.2491760253906,
1fdf1f05,vtsnn:tact,2020-04-15 21:06:08,0:25:07,completed,batch_size=8 checkpoint_dir=. data_dir=/…/data_VT_SNN_2_200 epochs=1500 hidden_size=32 lr=0.001 output_size=20 sample_file=4 sc_false=15 sc_true=60 tauRho=1 theta=10 tsample=200 tsr_stop=200,8,,1500,200,200,60,15,0.001,4,10,1,,,,,,,,32,,,,,,,,,,,,,.,/home/tasbolat/some_python_examples/data_VT_SNN_2_200/,1500,0.40625,0.7015625238418579,32.73887252807617,25.739126205444336,20,,0.18430177867412567,0.1824982613325119,961.7916870117188,947.8203125,
0ced5f31,vtsnn:tact,2020-04-15 21:00:18,0:30:53,completed,batch_size=8 checkpoint_dir=. data_dir=/…/data_VT_SNN_2_500 epochs=1500 hidden_size=32 lr=0.001 output_size=20 sample_file=1 sc_false=25 sc_true=120 tauRho=1 theta=10 tsample=200 tsr_stop=200,8,,1500,200,200,120,25,0.001,1,10,1,,,,,,,,32,,,,,,,,,,,,,.,/home/tasbolat/some_python_examples/data_VT_SNN_2_500/,1500,0.11874999850988388,0.14687499403953552,204.71621704101562,210.1432647705078,20,,0.04047070071101189,0.04060440510511398,275.74932861328125,275.1926574707031,
a12e6447,vtsnn:tact,2020-04-15 20:16:51,0:49:17,completed,batch_size=8 checkpoint_dir=. data_dir=/…/data_VT_SNN_2_200 epochs=1500 hidden_size=32 lr=0.001 output_size=20 sample_file=1 sc_false=15 sc_true=120 tauRho=1 theta=10 tsample=200 tsr_stop=200,8,,1500,200,200,120,15,0.001,1,10,1,,,,,,,,32,,,,,,,,,,,,,.,/home/tasbolat/some_python_examples/data_VT_SNN_2_200/,1500,0.40625,0.6546875238418579,172.45501708984375,143.783447265625,20,,0.23330079019069672,0.2335512489080429,1385.1795654296875,1381.0828857421875,
286720c8,vtsnn:tact,2020-04-15 20:08:42,0:52:52,completed,batch_size=8 checkpoint_dir=. data_dir=/…/data_VT_SNN_2_100 epochs=1500 hidden_size=32 lr=0.001 output_size=20 sample_file=4 sc_false=15 sc_true=60 tauRho=1 theta=10 tsample=100 tsr_stop=100,8,,1500,100,100,60,15,0.001,4,10,1,,,,,,,,32,,,,,,,,,,,,,.,/home/tasbolat/some_python_examples/data_VT_SNN_2_100/,1500,0.3812499940395355,0.65625,66.15475463867188,54.12944412231445,20,,0.22118361294269562,0.2204526662826538,445.28399658203125,443.5179748535156,
65bfdd67,vtsnn:tact,2020-04-15 19:52:35,0:54:47,completed,batch_size=8 checkpoint_dir=. data_dir=/…/data_VT_SNN_2_30 epochs=1500 hidden_size=32 lr=0.001 output_size=20 sample_file=4 sc_false=3 sc_true=20 tauRho=1 theta=10 tsample=30 tsr_stop=30,8,,1500,30,30,20,3,0.001,4,10,1,,,,,,,,32,,,,,,,,,,,,,.,/home/tasbolat/some_python_examples/data_VT_SNN_2_30/,1490,0.05000000074505806,0.05000000074505806,76.13333129882812,76.13331604003906,20,,0.0,0.0,0.0,0.0,
96722264,vtsnn:tact,2020-04-15 19:16:33,1:43:45,completed,batch_size=8 checkpoint_dir=. data_dir=/…/data_VT_SNN_2_500 epochs=1500 hidden_size=32 lr=0.001 output_size=20 sample_file=1 sc_false=25 sc_true=60 tauRho=1 theta=10 tsample=200 tsr_stop=200,8,,1500,200,200,60,25,0.001,1,10,1,,,,,,,,32,,,,,,,,,,,,,.,/home/tasbolat/some_python_examples/data_VT_SNN_2_500/,1500,0.07500000298023224,0.12656250596046448,48.75864791870117,48.0793342590332,20,,0.0431625060737133,0.043412402272224426,297.0511779785156,297.3720397949219,
6553f981,vtsnn:tact,2020-04-15 19:15:46,1:01:05,completed,batch_size=8 checkpoint_dir=. data_dir=/…/data_VT_SNN_2_200 epochs=1500 hidden_size=32 lr=0.001 output_size=20 sample_file=1 sc_false=15 sc_true=60 tauRho=1 theta=10 tsample=200 tsr_stop=200,8,,1500,200,200,60,15,0.001,1,10,1,,,,,,,,32,,,,,,,,,,,,,.,/home/tasbolat/some_python_examples/data_VT_SNN_2_200/,1490,0.4437499940395355,0.7171875238418579,32.4058723449707,25.541282653808594,20,,0.1585986316204071,0.15826515853405,729.0090942382812,718.1804809570312,
f601ba99,vtsnn:tact,2020-04-15 19:14:02,0:54:40,completed,batch_size=8 checkpoint_dir=. data_dir=/…/data_VT_SNN_2_100 epochs=1500 hidden_size=32 lr=0.001 output_size=20 sample_file=1 sc_false=15 sc_true=60 tauRho=1 theta=10 tsample=100 tsr_stop=100,8,,1500,100,100,60,15,0.001,1,10,1,,,,,,,,32,,,,,,,,,,,,,.,/home/tasbolat/some_python_examples/data_VT_SNN_2_100/,1490,0.32499998807907104,0.660937488079071,66.66525268554688,55.642940521240234,20,,0.23981444537639618,0.24028900265693665,509.1748962402344,509.0881042480469,
fccb2d4b,vtsnn:tact,2020-04-15 19:11:49,0:40:46,completed,batch_size=8 checkpoint_dir=. data_dir=/…/data_VT_SNN_2_30 epochs=1500 hidden_size=32 lr=0.001 output_size=20 sample_file=1 sc_false=3 sc_true=20 tauRho=1 theta=10 tsample=30 tsr_stop=30,8,,1500,30,30,20,3,0.001,1,10,1,,,,,,,,32,,,,,,,,,,,,,.,/home/tasbolat/some_python_examples/data_VT_SNN_2_30/,1490,0.05000000074505806,0.05000000074505806,76.13333129882812,76.13331604003906,20,,0.0,0.0,0.0,0.0,
a29d4fd7,vtsnn:prepare-data,2020-04-15 18:59:25,0:01:54,completed,bin_duration=0.013 blacklist_path=/…/blacklist.txt modes=tac n_sample_per_object=40 remove_outlier=0 save_dir=/…/data_VT_SNN_2_500 selection=grasp_lift_hold tactile_path=/…/aces_recordings threshold=1 trajectory_path=/…/traj_start_ends video_path=/…/prophesee_recordings,,,,,,,,,,,,,,,,,,,,,0.013,/datasets/eventdata/batch2/blacklist.txt,tac,40,0,/home/tasbolat/some_python_examples/data_VT_SNN_2_500/,grasp_lift_hold,/datasets/eventdata/batch2_new/aces_recordings/,1,/datasets/eventdata/batch2_new/traj_start_ends/,/datasets/eventdata/batch2_new/prophesee_recordings/,,,,,,,,,,,,,,
c2d6678c,vtsnn:prepare-data,2020-04-15 18:58:21,0:00:47,completed,bin_duration=0.0325 blacklist_path=/…/blacklist.txt modes=tac n_sample_per_object=40 remove_outlier=0 save_dir=/…/data_VT_SNN_2_200 selection=grasp_lift_hold tactile_path=/…/aces_recordings threshold=1 trajectory_path=/…/traj_start_ends video_path=/…/prophesee_recordings,,,,,,,,,,,,,,,,,,,,,0.0325,/datasets/eventdata/batch2/blacklist.txt,tac,40,0,/home/tasbolat/some_python_examples/data_VT_SNN_2_200/,grasp_lift_hold,/datasets/eventdata/batch2_new/aces_recordings/,1,/datasets/eventdata/batch2_new/traj_start_ends/,/datasets/eventdata/batch2_new/prophesee_recordings/,,,,,,,,,,,,,,
c94a4529,vtsnn:prepare-data,2020-04-15 18:57:15,0:00:24,completed,bin_duration=0.065 blacklist_path=/…/blacklist.txt modes=tac n_sample_per_object=40 remove_outlier=0 save_dir=/…/data_VT_SNN_2_100 selection=grasp_lift_hold tactile_path=/…/aces_recordings threshold=1 trajectory_path=/…/traj_start_ends video_path=/…/prophesee_recordings,,,,,,,,,,,,,,,,,,,,,0.065,/datasets/eventdata/batch2/blacklist.txt,tac,40,0,/home/tasbolat/some_python_examples/data_VT_SNN_2_100/,grasp_lift_hold,/datasets/eventdata/batch2_new/aces_recordings/,1,/datasets/eventdata/batch2_new/traj_start_ends/,/datasets/eventdata/batch2_new/prophesee_recordings/,,,,,,,,,,,,,,
11b01d71,vtsnn:prepare-data,2020-04-15 18:55:49,0:00:08,completed,bin_duration=0.21666 blacklist_path=/…/blacklist.txt modes=tac n_sample_per_object=40 remove_outlier=0 save_dir=/…/data_VT_SNN_2_30 selection=grasp_lift_hold tactile_path=/…/aces_recordings threshold=1 trajectory_path=/…/traj_start_ends video_path=/…/prophesee_recordings,,,,,,,,,,,,,,,,,,,,,0.21666666666666667,/datasets/eventdata/batch2/blacklist.txt,tac,40,0,/home/tasbolat/some_python_examples/data_VT_SNN_2_30/,grasp_lift_hold,/datasets/eventdata/batch2_new/aces_recordings/,1,/datasets/eventdata/batch2_new/traj_start_ends/,/datasets/eventdata/batch2_new/prophesee_recordings/,,,,,,,,,,,,,,
5dbfc62e,vtsnn:tact,2020-04-13 05:47:47,0:15:44,completed,batch_size=8 checkpoint_dir=. data_dir=/…/data_VT_SNN_2 epochs=1500 hidden_size=128 lr=0.001 output_size=20 sample_file=4 sc_false=5 sc_true=150 tauRho=1 theta=10 tsample=325 tsr_stop=325,8,,1500,325,325,150,5,0.001,4,10,1,,,,,,,,128,,,,,,,,,,,,,.,/home/tasbolat/some_python_examples/data_VT_SNN_2/,1500,0.2874999940395355,1.0,288.7320251464844,0.8916923403739929,20,,0.15197235345840454,0.14999572932720184,3088.461669921875,3019.581298828125,
2d6ee1b7,vtsnn:tact,2020-04-13 05:31:57,0:15:50,completed,batch_size=8 checkpoint_dir=. data_dir=/…/data_VT_SNN_2 epochs=1500 hidden_size=128 lr=0.001 output_size=20 sample_file=4 sc_false=5 sc_true=150 tauRho=1 theta=7 tsample=325 tsr_stop=325,8,,1500,325,325,150,5,0.001,4,7,1,,,,,,,,128,,,,,,,,,,,,,.,/home/tasbolat/some_python_examples/data_VT_SNN_2/,1500,0.24375000596046448,1.0,297.1494140625,0.7991922497749329,20,,0.18112695217132568,0.17876867949962616,4043.942138671875,3971.115234375,
0d026a89,vtsnn:tact,2020-04-13 05:16:06,0:15:51,completed,batch_size=8 checkpoint_dir=. data_dir=/…/data_VT_SNN_2 epochs=1500 hidden_size=128 lr=0.001 output_size=20 sample_file=1 sc_false=5 sc_true=150 tauRho=1 theta=10 tsample=325 tsr_stop=325,8,,1500,325,325,150,5,0.001,1,10,1,,,,,,,,128,,,,,,,,,,,,,.,/home/tasbolat/some_python_examples/data_VT_SNN_2/,1500,0.21250000596046448,1.0,300.0392150878906,1.3260960578918457,20,,0.1535438895225525,0.15491338074207306,3135.92919921875,3183.676513671875,
2971f014,vtsnn:tact,2020-04-13 05:00:21,0:15:45,completed,batch_size=8 checkpoint_dir=. data_dir=/…/data_VT_SNN_2 epochs=1500 hidden_size=128 lr=0.001 output_size=20 sample_file=1 sc_false=5 sc_true=150 tauRho=1 theta=7 tsample=325 tsr_stop=325,8,,1500,325,325,150,5,0.001,1,7,1,,,,,,,,128,,,,,,,,,,,,,.,/home/tasbolat/some_python_examples/data_VT_SNN_2/,1500,0.21250000596046448,1.0,307.3571472167969,0.8471539616584778,20,,0.17877885699272156,0.18001890182495117,4154.61376953125,4187.16943359375,
cea951a7,vtsnn:tact,2020-04-13 04:44:53,0:15:27,completed,batch_size=8 checkpoint_dir=. data_dir=/…/data_VT_SNN_2 epochs=1500 hidden_size=32 lr=0.001 output_size=20 sample_file=4 sc_false=5 sc_true=150 tauRho=1 theta=10 tsample=325 tsr_stop=325,8,,1500,325,325,150,5,0.001,4,10,1,,,,,,,,32,,,,,,,,,,,,,.,/home/tasbolat/some_python_examples/data_VT_SNN_2/,1500,0.22499999403953552,1.0,381.33941650390625,5.910924434661865,20,,0.17085936665534973,0.1683545559644699,3245.58447265625,3125.37158203125,
d680c755,vtsnn:tact,2020-04-13 04:13:33,0:31:19,completed,batch_size=8 checkpoint_dir=. data_dir=/…/data_VT_SNN_2 epochs=1500 hidden_size=32 lr=0.001 output_size=20 sample_file=4 sc_false=5 sc_true=150 tauRho=1 theta=7 tsample=325 tsr_stop=325,8,,1500,325,325,150,5,0.001,4,7,1,,,,,,,,32,,,,,,,,,,,,,.,/home/tasbolat/some_python_examples/data_VT_SNN_2/,1500,0.25,0.9984375238418579,341.5680236816406,5.6263651847839355,20,,0.25378844141960144,0.2518150210380554,6411.99609375,6330.26318359375,
d5a5852e,vtsnn:tact,2020-04-13 03:32:15,1:04:00,completed,batch_size=8 checkpoint_dir=. data_dir=/…/data_VT_SNN_2 epochs=1500 hidden_size=128 lr=0.001 output_size=20 sample_file=4 sc_false=5 sc_true=150 tauRho=1 theta=10 tsample=325 tsr_stop=325,8,,1500,325,325,150,5,0.001,4,10,1,,,,,,,,128,,,,,,,,,,,,,.,/home/tasbolat/some_python_examples/data_VT_SNN_2/,1500,0.4124999940395355,1.0,213.52371215820312,9.57948112487793,20,,0.08488070964813232,0.08280687779188156,813.8739624023438,773.6337890625,
890debac,vtsnn:tact,2020-04-13 03:21:34,1:09:49,completed,batch_size=8 checkpoint_dir=. data_dir=/…/data_VT_SNN_2 epochs=1500 hidden_size=128 lr=0.001 output_size=20 sample_file=4 sc_false=5 sc_true=150 tauRho=1 theta=7 tsample=325 tsr_stop=325,8,,1500,325,325,150,5,0.001,4,7,1,,,,,,,,128,,,,,,,,,,,,,.,/home/tasbolat/some_python_examples/data_VT_SNN_2/,1500,0.38749998807907104,1.0,212.9619140625,5.405807018280029,20,,0.09896303713321686,0.09694179892539978,1049.0828857421875,1011.5355834960938,
58f3d02b,vtsnn:tact,2020-04-13 02:57:42,1:15:50,completed,batch_size=8 checkpoint_dir=. data_dir=/…/data_VT_SNN_2 epochs=1500 hidden_size=32 lr=0.001 output_size=20 sample_file=1 sc_false=5 sc_true=150 tauRho=1 theta=10 tsample=325 tsr_stop=325,8,,1500,325,325,150,5,0.001,1,10,1,,,,,,,,32,,,,,,,,,,,,,.,/home/tasbolat/some_python_examples/data_VT_SNN_2/,1490,0.21250000596046448,1.0,392.8747863769531,7.513864040374756,20,,0.17243146896362305,0.17378363013267517,3306.7109375,3337.656005859375,
d6d18e58,vtsnn:tact,2020-04-13 01:58:51,1:33:24,completed,batch_size=8 checkpoint_dir=. data_dir=/…/data_VT_SNN_2 epochs=1500 hidden_size=128 lr=0.001 output_size=20 sample_file=1 sc_false=5 sc_true=150 tauRho=1 theta=10 tsample=325 tsr_stop=325,8,,1500,325,325,150,5,0.001,1,10,1,,,,,,,,128,,,,,,,,,,,,,.,/home/tasbolat/some_python_examples/data_VT_SNN_2/,1500,0.41874998807907104,1.0,208.8036346435547,8.878096580505371,20,,0.08927058428525925,0.08843601495027542,885.7445678710938,872.9788208007812,
0bd4c275,vtsnn:tact_ann_cnn3d,2020-04-13 01:53:47,0:39:55,completed,batch_size=32 checkpoint_dir=. data_dir=/…/data_VT_SNN_2 epochs=2000 lr=1.0e-05 output_size=20 sample_file=4,32,,2000,,,,,1e-05,4,,,,,,,,,,,,,,,,,,,,,,,.,/home/tasbolat/some_python_examples/data_VT_SNN_2/,1999,0.4437499940395355,1.0,0.07680226862430573,0.0007019272306933999,20,,,,,,
ed2036f2,vtsnn:tact,2020-04-13 01:48:42,1:32:52,completed,batch_size=8 checkpoint_dir=. data_dir=/…/data_VT_SNN_2 epochs=1500 hidden_size=128 lr=0.001 output_size=20 sample_file=1 sc_false=5 sc_true=150 tauRho=1 theta=7 tsample=325 tsr_stop=325,8,,1500,325,325,150,5,0.001,1,7,1,,,,,,,,128,,,,,,,,,,,,,.,/home/tasbolat/some_python_examples/data_VT_SNN_2/,1490,0.4124999940395355,1.0,216.78567504882812,4.994711875915527,20,,0.10275299847126007,0.10128974169492722,1100.2388916015625,1076.491455078125,
d0da2eff,vtsnn:tact,2020-04-13 01:20:10,1:37:31,completed,batch_size=8 checkpoint_dir=. data_dir=/…/data_VT_SNN_2 epochs=1500 hidden_size=32 lr=0.001 output_size=20 sample_file=1 sc_false=5 sc_true=150 tauRho=1 theta=7 tsample=325 tsr_stop=325,8,,1500,325,325,150,5,0.001,1,7,1,,,,,,,,32,,,,,,,,,,,,,.,/home/tasbolat/some_python_examples/data_VT_SNN_2/,1500,0.20624999701976776,1.0,341.3262023925781,3.4331727027893066,20,,0.22057631611824036,0.22062543034553528,5554.47412109375,5547.4619140625,
587dedce,vtsnn:tact_ann_cnn3d,2020-04-13 01:17:13,0:36:34,completed,batch_size=32 checkpoint_dir=. data_dir=/…/data_VT_SNN_2 epochs=2000 lr=1.0e-05 output_size=20 sample_file=1,32,,2000,,,,,1e-05,1,,,,,,,,,,,,,,,,,,,,,,,.,/home/tasbolat/some_python_examples/data_VT_SNN_2/,2000,0.45625001192092896,1.0,0.077919602394104,0.0003104901406913996,20,,,,,,
caffda4c,vtsnn:tact,2020-04-13 01:01:13,0:47:28,completed,batch_size=8 checkpoint_dir=. data_dir=/…/data_VT_SNN_2 epochs=1500 hidden_size=32 lr=0.001 output_size=20 sample_file=4 sc_false=5 sc_true=150 tauRho=1 theta=7 tsample=325 tsr_stop=325,8,,1500,325,325,150,5,0.001,4,7,1,,,,,,,,32,,,,,,,,,,,,,.,/home/tasbolat/some_python_examples/data_VT_SNN_2/,1490,0.39375001192092896,1.0,221.43418884277344,24.945640563964844,20,,0.16733954846858978,0.16514454782009125,2395.175537109375,2348.784423828125,
40932451,vtsnn:tact,2020-04-13 01:00:50,0:58:00,completed,batch_size=8 checkpoint_dir=. data_dir=/…/data_VT_SNN_2 epochs=1500 hidden_size=32 lr=0.001 output_size=20 sample_file=4 sc_false=5 sc_true=150 tauRho=1 theta=10 tsample=325 tsr_stop=325,8,,1500,325,325,150,5,0.001,4,10,1,,,,,,,,32,,,,,,,,,,,,,.,/home/tasbolat/some_python_examples/data_VT_SNN_2/,1490,0.36250001192092896,0.996874988079071,231.97825622558594,37.007022857666016,20,,0.16597236692905426,0.16320058703422546,2288.772216796875,2204.7333984375,
9f5e7545,vtsnn:tact,2020-04-13 00:36:33,0:24:40,completed,batch_size=8 checkpoint_dir=. data_dir=/…/data_VT_SNN_2 epochs=1500 hidden_size=32 lr=0.001 output_size=20 sample_file=1 sc_false=5 sc_true=150 tauRho=1 theta=7 tsample=325 tsr_stop=325,8,,1500,325,325,150,5,0.001,1,7,1,,,,,,,,32,,,,,,,,,,,,,.,/home/tasbolat/some_python_examples/data_VT_SNN_2/,1500,0.35624998807907104,1.0,232.74424743652344,24.83254051208496,20,,0.15373919904232025,0.15202179551124573,2120.7158203125,2045.2982177734375,
ccf94465,vtsnn:tact,2020-04-13 00:33:49,0:27:01,completed,batch_size=8 checkpoint_dir=. data_dir=/…/data_VT_SNN_2 epochs=1500 hidden_size=32 lr=0.001 output_size=20 sample_file=1 sc_false=5 sc_true=150 tauRho=1 theta=10 tsample=325 tsr_stop=325,8,,1500,325,325,150,5,0.001,1,10,1,,,,,,,,32,,,,,,,,,,,,,.,/home/tasbolat/some_python_examples/data_VT_SNN_2/,1500,0.3812499940395355,0.9984375238418579,211.78103637695312,35.222591400146484,20,,0.15251384675502777,0.15073512494564056,2030.9697265625,1976.2288818359375,
bc9aead7,vtsnn:tact,2020-04-13 00:25:21,0:04:18,completed,batch_size=8 checkpoint_dir=. data_dir=/…/data_VT_SNN_2 epochs=500 hidden_size=32 lr=0.001 output_size=20 sample_file=4 sc_false=5 sc_true=150 tauRho=1 theta=10 tsample=325 tsr_stop=325,8,,500,325,325,150,5,0.001,4,10,1,,,,,,,,32,,,,,,,,,,,,,.,/home/tasbolat/some_python_examples/data_VT_SNN_2/,500,0.3812499940395355,0.973437488079071,207.95762634277344,74.33800506591797,20,,0.1267608106136322,0.12430182844400406,1450.5400390625,1399.1336669921875,
1859c0a3,vtsnn:tact,2020-04-13 00:21:03,0:04:17,completed,batch_size=8 checkpoint_dir=. data_dir=/…/data_VT_SNN_2 epochs=500 hidden_size=32 lr=0.001 output_size=20 sample_file=1 sc_false=5 sc_true=150 tauRho=1 theta=10 tsample=325 tsr_stop=325,8,,500,325,325,150,5,0.001,1,10,1,,,,,,,,32,,,,,,,,,,,,,.,/home/tasbolat/some_python_examples/data_VT_SNN_2/,500,0.375,0.964062511920929,207.6080322265625,70.33357238769531,20,,0.11285936832427979,0.11176561564207077,1186.3675537109375,1150.2757568359375,
