run,operation,started,time,status,label,batch_size,epochs,lr,sample_file,hidden_size,loss_train,max_acc_train,loss_test,max_acc_test,acc_test,acc_train,tsample,tsr_stop,sc_true,sc_false,l1_loss_train,l2_loss_train,l1_loss_test,l2_loss_test,network,path,bin_duration,data_path,save_dir,threshold,prob
744de62b,vtsnn_slip:mm_ann,2020-03-18 16:18:50,0:07:08,completed,batch_size=8 checkpoint_dir=. data_dir=/home/…/bin_150 epochs=400 hidden_size=30 lr=0.0001 output_size=2 sample_file=5,8,400,0.0001,5,30,0.0,1.0,0.0,1.0,1.0,1.0,,,,,,,,,,,,,,,
f0a12054,vtsnn_slip:viz_ann,2020-03-18 16:11:32,0:06:53,completed,batch_size=8 checkpoint_dir=. data_dir=/home/…/bin_150 epochs=400 hidden_size=30 lr=0.0001 output_size=2 sample_file=5,8,400,0.0001,5,30,0.0,1.0,2.9802322831784522e-09,1.0,1.0,1.0,,,,,,,,,,,,,,,
e8cb391d,vtsnn_slip:mm_ann,2020-03-18 16:11:25,0:07:25,completed,batch_size=8 checkpoint_dir=. data_dir=/home/…/bin_150 epochs=400 hidden_size=30 lr=0.0001 output_size=2 sample_file=4,8,400,0.0001,4,30,0.0,1.0,0.0,1.0,1.0,1.0,,,,,,,,,,,,,,,
8fe9c38d,vtsnn_slip:viz_ann,2020-03-18 16:04:39,0:06:53,completed,batch_size=8 checkpoint_dir=. data_dir=/home/…/bin_150 epochs=400 hidden_size=30 lr=0.0001 output_size=2 sample_file=4,8,400,0.0001,4,30,0.0,1.0,1.321732952419552e-06,1.0,1.0,1.0,,,,,,,,,,,,,,,
99145bd9,vtsnn_slip:mm_ann,2020-03-18 16:03:59,0:07:25,completed,batch_size=8 checkpoint_dir=. data_dir=/home/…/bin_150 epochs=400 hidden_size=30 lr=0.0001 output_size=2 sample_file=3,8,400,0.0001,3,30,0.0,1.0,0.06058615446090698,0.949999988079071,0.949999988079071,1.0,,,,,,,,,,,,,,,
bb995481,vtsnn_slip:viz_ann,2020-03-18 15:57:46,0:06:52,completed,batch_size=8 checkpoint_dir=. data_dir=/home/…/bin_150 epochs=400 hidden_size=30 lr=0.0001 output_size=2 sample_file=3,8,400,0.0001,3,30,0.0,1.0,0.07474811375141144,0.949999988079071,0.949999988079071,1.0,,,,,,,,,,,,,,,
d28267e8,vtsnn_slip:mm_ann,2020-03-18 15:56:33,0:07:25,completed,batch_size=8 checkpoint_dir=. data_dir=/home/…/bin_150 epochs=400 hidden_size=30 lr=0.0001 output_size=2 sample_file=2,8,400,0.0001,2,30,0.0,1.0,4.17232506322307e-08,1.0,1.0,1.0,,,,,,,,,,,,,,,
b77919e1,vtsnn_slip:viz_ann,2020-03-18 15:50:53,0:06:53,completed,batch_size=8 checkpoint_dir=. data_dir=/home/…/bin_150 epochs=400 hidden_size=30 lr=0.0001 output_size=2 sample_file=2,8,400,0.0001,2,30,1.4901161415892261e-09,1.0,0.0004056926700286567,1.0,1.0,1.0,,,,,,,,,,,,,,,
10d67d7b,vtsnn_slip:mm_ann,2020-03-18 15:49:01,0:07:32,completed,batch_size=8 checkpoint_dir=. data_dir=/home/…/bin_150 epochs=400 hidden_size=30 lr=0.0001 output_size=2 sample_file=1,8,400,0.0001,1,30,0.0,1.0,0.0,1.0,1.0,1.0,,,,,,,,,,,,,,,
9bcc8134,vtsnn_slip:tact_ann,2020-03-18 15:46:58,0:05:00,completed,batch_size=8 checkpoint_dir=. data_dir=/home/…/bin_150 epochs=600 hidden_size=32 lr=0.0001 output_size=2 sample_file=5,8,600,0.0001,5,32,3.0465424060821533e-05,1.0,0.22724071145057678,0.8500000238418579,0.75,1.0,,,,,,,,,,,,,,,
6469d492,vtsnn_slip:viz_ann,2020-03-18 15:43:50,0:07:02,completed,batch_size=8 checkpoint_dir=. data_dir=/home/…/bin_150 epochs=400 hidden_size=30 lr=0.0001 output_size=2 sample_file=1,8,400,0.0001,1,30,0.0,1.0,3.8743017682918435e-08,1.0,1.0,1.0,,,,,,,,,,,,,,,
12913b9b,vtsnn_slip:tact_ann,2020-03-18 15:41:55,0:05:03,completed,batch_size=8 checkpoint_dir=. data_dir=/home/…/bin_150 epochs=600 hidden_size=32 lr=0.0001 output_size=2 sample_file=4,8,600,0.0001,4,32,1.3485550880432129e-06,1.0,0.17568747699260712,0.949999988079071,0.8500000238418579,1.0,,,,,,,,,,,,,,,
2aca9937,vtsnn_slip:mm_ann,2020-03-18 15:41:21,0:07:39,completed,batch_size=8 checkpoint_dir=. data_dir=/home/…/bin_150 epochs=400 hidden_size=30 lr=0.0001 output_size=2 sample_file=5,8,400,0.0001,5,30,0.0,1.0,0.0,1.0,1.0,1.0,,,,,,,,,,,,,,,
88cfd857,vtsnn_slip:tact_ann,2020-03-18 15:36:54,0:05:00,completed,batch_size=8 checkpoint_dir=. data_dir=/home/…/bin_150 epochs=600 hidden_size=32 lr=0.0001 output_size=2 sample_file=3,8,600,0.0001,3,32,3.3432246709708124e-05,1.0,0.062234677374362946,0.949999988079071,0.8999999761581421,1.0,,,,,,,,,,,,,,,
e1b59a80,vtsnn_slip:viz_ann,2020-03-18 15:36:48,0:07:02,completed,batch_size=8 checkpoint_dir=. data_dir=/home/…/bin_150 epochs=400 hidden_size=30 lr=0.0001 output_size=2 sample_file=5,8,400,0.0001,5,30,0.0,1.0,2.9802322831784522e-09,1.0,1.0,1.0,,,,,,,,,,,,,,,
842b7464,vtsnn_slip:mm_ann,2020-03-18 15:33:59,0:07:22,completed,batch_size=8 checkpoint_dir=. data_dir=/home/…/bin_150 epochs=400 hidden_size=30 lr=0.0001 output_size=2 sample_file=4,8,400,0.0001,4,30,0.0,1.0,0.0,1.0,1.0,1.0,,,,,,,,,,,,,,,
df3aa61d,vtsnn_slip:mm,2020-03-18 15:32:07,0:04:55,completed,batch_size=8 checkpoint_dir=. data_dir=/home/…/bin_150 epochs=500 lr=0.001 output_size=2 sample_file=5 sc_false=5 sc_true=80 tsample=150 tsr_stop=150,8,500,0.001,5,,0.048666663467884064,1.0,1.9733333587646484,1.0,1.0,1.0,150,150,80,5,0.099892757833004,513.944580078125,0.10502910614013672,575.9898681640625,,,,,,,
5c70f160,vtsnn_slip:tact_ann,2020-03-18 15:31:26,0:05:27,completed,batch_size=8 checkpoint_dir=. data_dir=/home/…/bin_150 epochs=600 hidden_size=32 lr=0.0001 output_size=2 sample_file=2,8,600,0.0001,2,32,3.3991411328315735e-05,1.0,0.09786941856145859,1.0,0.8999999761581421,1.0,,,,,,,,,,,,,,,
f2a31154,vtsnn_slip:viz_ann,2020-03-18 15:29:18,0:07:29,completed,batch_size=8 checkpoint_dir=. data_dir=/home/…/bin_150 epochs=400 hidden_size=30 lr=0.0001 output_size=2 sample_file=4,8,400,0.0001,4,30,0.0,1.0,5.602836381513043e-07,1.0,1.0,1.0,,,,,,,,,,,,,,,
9fccb2f5,vtsnn_slip:mm,2020-03-18 15:27:13,0:04:54,completed,batch_size=8 checkpoint_dir=. data_dir=/home/…/bin_150 epochs=500 lr=0.001 output_size=2 sample_file=4 sc_false=5 sc_true=80 tsample=150 tsr_stop=150,8,500,0.001,4,,0.028333334252238274,1.0,1.4122222661972046,1.0,1.0,1.0,150,150,80,5,0.0995689183473587,531.38916015625,0.10415282100439072,573.88720703125,,,,,,,
3c4a65b5,vtsnn_slip:mm_ann,2020-03-18 15:26:21,0:07:37,completed,batch_size=8 checkpoint_dir=. data_dir=/home/…/bin_150 epochs=400 hidden_size=30 lr=0.0001 output_size=2 sample_file=3,8,400,0.0001,3,30,0.0,1.0,0.035890571773052216,0.949999988079071,0.949999988079071,1.0,,,,,,,,,,,,,,,
d1e2634e,vtsnn_slip:tact_ann,2020-03-18 15:25:59,0:05:26,completed,batch_size=8 checkpoint_dir=. data_dir=/home/…/bin_150 epochs=600 hidden_size=32 lr=0.0001 output_size=2 sample_file=1,8,600,0.0001,1,32,7.107481451384956e-06,1.0,0.21225224435329437,0.949999988079071,0.8500000238418579,1.0,,,,,,,,,,,,,,,
5454434f,vtsnn_slip:mm,2020-03-18 15:22:18,0:04:54,completed,batch_size=8 checkpoint_dir=. data_dir=/home/…/bin_150 epochs=500 lr=0.001 output_size=2 sample_file=3 sc_false=5 sc_true=80 tsample=150 tsr_stop=150,8,500,0.001,3,,0.05499999597668648,1.0,1.846666693687439,1.0,1.0,1.0,150,150,80,5,0.07863622158765793,394.2027282714844,0.07366745918989182,358.96588134765625,,,,,,,
5be32d80,vtsnn_slip:viz_ann,2020-03-18 15:21:55,0:07:22,completed,batch_size=8 checkpoint_dir=. data_dir=/home/…/bin_150 epochs=400 hidden_size=30 lr=0.0001 output_size=2 sample_file=3,8,400,0.0001,3,30,0.0,1.0,0.07686804980039597,0.949999988079071,0.949999988079071,1.0,,,,,,,,,,,,,,,
b2fe3875,vtsnn_slip:tact_ann,2020-03-18 15:20:37,0:05:22,completed,batch_size=8 checkpoint_dir=. data_dir=/home/…/bin_150 epochs=600 hidden_size=32 lr=0.0001 output_size=2 sample_file=5,8,600,0.0001,5,32,4.91216769660241e-06,1.0,0.34586942195892334,0.800000011920929,0.699999988079071,1.0,,,,,,,,,,,,,,,
92646da1,vtsnn_slip:mm_ann,2020-03-18 15:18:52,0:07:29,completed,batch_size=8 checkpoint_dir=. data_dir=/home/…/bin_150 epochs=400 hidden_size=30 lr=0.0001 output_size=2 sample_file=2,8,400,0.0001,2,30,0.0,1.0,1.4901161193847656e-08,1.0,1.0,1.0,,,,,,,,,,,,,,,
7a75e81d,vtsnn_slip:mm,2020-03-18 15:17:19,0:04:59,completed,batch_size=8 checkpoint_dir=. data_dir=/home/…/bin_150 epochs=500 lr=0.001 output_size=2 sample_file=2 sc_false=5 sc_true=80 tsample=150 tsr_stop=150,8,500,0.001,2,,0.06299999356269836,1.0,0.9366666674613953,1.0,1.0,1.0,150,150,80,5,0.08306538313627243,409.921630859375,0.08274960517883301,396.98114013671875,,,,,,,
9733c539,vtsnn_slip:tact_ann,2020-03-18 15:15:14,0:05:22,completed,batch_size=8 checkpoint_dir=. data_dir=/home/…/bin_150 epochs=600 hidden_size=32 lr=0.0001 output_size=2 sample_file=4,8,600,0.0001,4,32,2.6471539968042634e-05,1.0,0.08005057275295258,1.0,0.949999988079071,1.0,,,,,,,,,,,,,,,
d3735d11,vtsnn_slip:viz_ann,2020-03-18 15:14:40,0:07:15,completed,batch_size=8 checkpoint_dir=. data_dir=/home/…/bin_150 epochs=400 hidden_size=30 lr=0.0001 output_size=2 sample_file=2,8,400,0.0001,2,30,0.0,1.0,4.471838565223152e-06,1.0,1.0,1.0,,,,,,,,,,,,,,,
0f42406c,vtsnn_slip:mm,2020-03-18 15:12:23,0:04:56,completed,batch_size=8 checkpoint_dir=. data_dir=/home/…/bin_150 epochs=500 lr=0.001 output_size=2 sample_file=1 sc_false=5 sc_true=80 tsample=150 tsr_stop=150,8,500,0.001,1,,0.0560000017285347,1.0,2.014444351196289,1.0,1.0,1.0,150,150,80,5,0.08740907162427902,449.16680908203125,0.0869690477848053,465.94219970703125,,,,,,,
7a8ea4b0,vtsnn_slip:mm_ann,2020-03-18 15:11:33,0:07:18,completed,batch_size=8 checkpoint_dir=. data_dir=/home/…/bin_150 epochs=400 hidden_size=30 lr=0.0001 output_size=2 sample_file=5,8,400,0.0001,5,30,0.0,1.0,0.0,1.0,1.0,1.0,,,,,,,,,,,,,,,
4cc437e3,vtsnn_slip:tact_ann,2020-03-18 15:09:48,0:05:25,completed,batch_size=8 checkpoint_dir=. data_dir=/home/…/bin_150 epochs=600 hidden_size=32 lr=0.0001 output_size=2 sample_file=3,8,600,0.0001,3,32,1.536644958832767e-05,1.0,0.1018567830324173,0.8999999761581421,0.8999999761581421,1.0,,,,,,,,,,,,,,,
e80cda07,vtsnn_slip:viz_ann,2020-03-18 15:07:28,0:07:11,completed,batch_size=8 checkpoint_dir=. data_dir=/home/…/bin_150 epochs=400 hidden_size=30 lr=0.0001 output_size=2 sample_file=5,8,400,0.0001,5,30,0.0,1.0,1.1920929132713809e-08,1.0,1.0,1.0,,,,,,,,,,,,,,,
7a95fe21,vtsnn_slip:mm,2020-03-18 15:07:24,0:04:58,completed,batch_size=8 checkpoint_dir=. data_dir=/home/…/bin_150 epochs=500 lr=0.001 output_size=2 sample_file=5 sc_false=5 sc_true=80 tsample=150 tsr_stop=150,8,500,0.001,5,,0.03500000014901161,1.0,0.6544444561004639,1.0,1.0,1.0,150,150,80,5,0.09477747231721878,474.26422119140625,0.09967724978923798,527.6995849609375,,,,,,,
f07e394e,vtsnn_slip:tact_ann,2020-03-18 15:04:33,0:05:15,completed,batch_size=8 checkpoint_dir=. data_dir=/home/…/bin_150 epochs=600 hidden_size=32 lr=0.0001 output_size=2 sample_file=2,8,600,0.0001,2,32,1.5505031115026213e-05,1.0,0.05300284922122955,1.0,0.949999988079071,1.0,,,,,,,,,,,,,,,
63d91271,vtsnn_slip:mm_ann,2020-03-18 15:04:21,0:07:11,completed,batch_size=8 checkpoint_dir=. data_dir=/home/…/bin_150 epochs=400 hidden_size=30 lr=0.0001 output_size=2 sample_file=4,8,400,0.0001,4,30,0.0,1.0,0.0,1.0,1.0,1.0,,,,,,,,,,,,,,,
012033a3,vtsnn_slip:mm,2020-03-18 15:02:32,0:04:52,completed,batch_size=8 checkpoint_dir=. data_dir=/home/…/bin_150 epochs=500 lr=0.001 output_size=2 sample_file=4 sc_false=5 sc_true=80 tsample=150 tsr_stop=150,8,500,0.001,4,,0.047333329916000366,1.0,1.2266666889190674,1.0,1.0,1.0,150,150,80,5,0.07681336253881454,327.81414794921875,0.08144912123680115,353.6823425292969,,,,,,,
3e4d3f73,vtsnn_slip:viz_ann,2020-03-18 15:00:28,0:07:00,completed,batch_size=8 checkpoint_dir=. data_dir=/home/…/bin_150 epochs=400 hidden_size=30 lr=0.0001 output_size=2 sample_file=4,8,400,0.0001,4,30,0.0,1.0,3.84598979508155e-06,1.0,1.0,1.0,,,,,,,,,,,,,,,
b62c2245,vtsnn_slip:tact_ann,2020-03-18 14:59:22,0:05:11,completed,batch_size=8 checkpoint_dir=. data_dir=/home/…/bin_150 epochs=600 hidden_size=32 lr=0.0001 output_size=2 sample_file=5,8,600,0.0001,5,32,5.326420250639785e-06,1.0,0.29534661769866943,0.8999999761581421,0.800000011920929,1.0,,,,,,,,,,,,,,,
54f18a6b,vtsnn_slip:mm,2020-03-18 14:57:45,0:04:46,completed,batch_size=8 checkpoint_dir=. data_dir=/home/…/bin_150 epochs=500 lr=0.001 output_size=2 sample_file=3 sc_false=5 sc_true=80 tsample=150 tsr_stop=150,8,500,0.001,3,,0.13899999856948853,1.0,1.9111111164093018,1.0,1.0,1.0,150,150,80,5,0.08255844563245773,368.4773254394531,0.07715357840061188,327.67315673828125,,,,,,,
3908ba29,vtsnn_slip:mm_ann,2020-03-18 14:57:27,0:06:53,completed,batch_size=8 checkpoint_dir=. data_dir=/home/…/bin_150 epochs=400 hidden_size=30 lr=0.0001 output_size=2 sample_file=3,8,400,0.0001,3,30,0.0,1.0,0.03171100467443466,0.949999988079071,0.949999988079071,1.0,,,,,,,,,,,,,,,
b3ec8155,vtsnn_slip:tact_ann,2020-03-18 14:54:19,0:05:02,completed,batch_size=8 checkpoint_dir=. data_dir=/home/…/bin_150 epochs=600 hidden_size=32 lr=0.0001 output_size=2 sample_file=4,8,600,0.0001,4,32,7.94827974459622e-06,1.0,0.0995311290025711,0.949999988079071,0.8999999761581421,1.0,,,,,,,,,,,,,,,
442b20da,vtsnn_slip:viz_ann,2020-03-18 14:53:42,0:06:45,completed,batch_size=8 checkpoint_dir=. data_dir=/home/…/bin_150 epochs=400 hidden_size=30 lr=0.0001 output_size=2 sample_file=3,8,400,0.0001,3,30,0.0,1.0,0.07489104568958282,0.949999988079071,0.949999988079071,1.0,,,,,,,,,,,,,,,
3e8f649f,vtsnn_slip:mm,2020-03-18 14:53:01,0:04:43,completed,batch_size=8 checkpoint_dir=. data_dir=/home/…/bin_150 epochs=500 lr=0.001 output_size=2 sample_file=2 sc_false=5 sc_true=80 tsample=150 tsr_stop=150,8,500,0.001,2,,0.09066666662693024,1.0,1.4122222661972046,1.0,1.0,1.0,150,150,80,5,0.07762650400400162,373.9311828613281,0.07561534643173218,357.013427734375,,,,,,,
b4788af3,vtsnn_slip:mm_ann,2020-03-18 14:50:39,0:06:47,completed,batch_size=8 checkpoint_dir=. data_dir=/home/…/bin_150 epochs=400 hidden_size=30 lr=0.0001 output_size=2 sample_file=2,8,400,0.0001,2,30,0.0,1.0,5.662441182607836e-08,1.0,1.0,1.0,,,,,,,,,,,,,,,
847a0dba,vtsnn_slip:tact_ann,2020-03-18 14:49:25,0:04:53,completed,batch_size=8 checkpoint_dir=. data_dir=/home/…/bin_150 epochs=600 hidden_size=32 lr=0.0001 output_size=2 sample_file=3,8,600,0.0001,3,32,3.250949157518335e-05,1.0,0.16211505234241486,0.949999988079071,0.8500000238418579,1.0,,,,,,,,,,,,,,,
444569cd,vtsnn_slip:mm,2020-03-18 14:48:18,0:04:42,completed,batch_size=8 checkpoint_dir=. data_dir=/home/…/bin_150 epochs=500 lr=0.001 output_size=2 sample_file=5 sc_false=5 sc_true=80 tsample=150 tsr_stop=150,8,500,0.001,5,,0.04766666889190674,1.0,1.7011111974716187,1.0,1.0,1.0,150,150,80,5,0.08296775072813034,399.52978515625,0.08937632292509079,467.30682373046875,,,,,,,
547ac915,vtsnn_slip:viz_ann,2020-03-18 14:47:11,0:06:31,completed,batch_size=8 checkpoint_dir=. data_dir=/home/…/bin_150 epochs=400 hidden_size=30 lr=0.0001 output_size=2 sample_file=2,8,400,0.0001,2,30,7.450580707946131e-10,1.0,0.013292868621647358,1.0,0.949999988079071,1.0,,,,,,,,,,,,,,,
29b9a1ac,vtsnn_slip:tact_ann,2020-03-18 14:44:36,0:04:48,completed,batch_size=8 checkpoint_dir=. data_dir=/home/…/bin_150 epochs=600 hidden_size=32 lr=0.0001 output_size=2 sample_file=2,8,600,0.0001,2,32,2.1794810891151428e-05,1.0,0.10063999891281128,1.0,0.8999999761581421,1.0,,,,,,,,,,,,,,,
c62804bd,vtsnn_slip:mm_ann,2020-03-18 14:44:08,0:06:30,completed,batch_size=8 checkpoint_dir=. data_dir=/home/…/bin_150 epochs=400 hidden_size=30 lr=0.0001 output_size=2 sample_file=1,8,400,0.0001,1,30,0.0,1.0,0.0,1.0,1.0,1.0,,,,,,,,,,,,,,,
fc20dba8,vtsnn_slip:mm,2020-03-18 14:43:36,0:04:41,completed,batch_size=8 checkpoint_dir=. data_dir=/home/…/bin_150 epochs=500 lr=0.001 output_size=2 sample_file=4 sc_false=5 sc_true=80 tsample=150 tsr_stop=150,8,500,0.001,4,,0.20200000703334808,1.0,2.7166666984558105,1.0,1.0,1.0,150,150,80,5,0.0889536440372467,460.9584655761719,0.09785652160644531,519.11083984375,,,,,,,
dfaf71dd,vtsnn_slip:viz_ann,2020-03-18 14:41:40,0:05:30,completed,batch_size=8 checkpoint_dir=. data_dir=/home/…/bin_150 epochs=400 hidden_size=30 lr=0.0001 output_size=2 sample_file=1,8,400,0.0001,1,30,0.0,1.0,2.1457671550706436e-07,1.0,1.0,1.0,,,,,,,,,,,,,,,
ef133e78,vtsnn_slip:tact_ann,2020-03-18 14:41:01,0:03:35,completed,batch_size=8 checkpoint_dir=. data_dir=/home/…/bin_150 epochs=600 hidden_size=32 lr=0.0001 output_size=2 sample_file=1,8,600,0.0001,1,32,2.57492069977161e-06,1.0,0.24358738958835602,0.8999999761581421,0.8500000238418579,1.0,,,,,,,,,,,,,,,
18733541,vtsnn_slip:mm,2020-03-18 14:39:33,0:04:02,completed,batch_size=8 checkpoint_dir=. data_dir=/home/…/bin_150 epochs=500 lr=0.001 output_size=2 sample_file=3 sc_false=5 sc_true=80 tsample=150 tsr_stop=150,8,500,0.001,3,,0.20133332908153534,1.0,3.72444486618042,1.0,1.0,1.0,150,150,80,5,0.09649872034788132,529.5809936523438,0.08856561034917831,465.9512634277344,,,,,,,
632c7c7d,vtsnn_slip:mm,2020-03-18 14:35:29,0:04:04,completed,batch_size=8 checkpoint_dir=. data_dir=/home/…/bin_150 epochs=500 lr=0.001 output_size=2 sample_file=2 sc_false=5 sc_true=80 tsample=150 tsr_stop=150,8,500,0.001,2,,0.08033333718776703,1.0,1.3977779150009155,1.0,1.0,1.0,150,150,80,5,0.0959015041589737,519.4422607421875,0.09407367557287216,500.29150390625,,,,,,,
7d72cc26,vtsnn_slip:viz,2020-03-18 14:33:48,0:03:55,completed,batch_size=8 checkpoint_dir=. data_dir=/home/…/bin_150 epochs=500 lr=0.001 output_size=2 sample_file=5 sc_false=5 sc_true=80 tsample=150 tsr_stop=150,8,500,0.001,5,,0.12666666507720947,1.0,2.9977777004241943,1.0,1.0,1.0,150,150,80,5,0.03186497837305069,131.7103729248047,0.03568188101053238,153.36514282226562,,,,,,,
851ed18c,vtsnn_slip:mm,2020-03-18 14:31:36,0:03:52,completed,batch_size=8 checkpoint_dir=. data_dir=/home/…/bin_150 epochs=500 lr=0.001 output_size=2 sample_file=1 sc_false=5 sc_true=80 tsample=150 tsr_stop=150,8,500,0.001,1,,0.10833332687616348,1.0,1.6188888549804688,1.0,1.0,1.0,150,150,80,5,0.08765352517366409,457.6657409667969,0.08770053088665009,472.2366638183594,,,,,,,
7f2b8cc1,vtsnn_slip:tact,2020-03-18 14:31:04,0:03:58,completed,batch_size=8 checkpoint_dir=. data_dir=/home/…/bin_150 epochs=700 hidden_size=32 lr=0.001 output_size=2 sample_file=5 sc_false=5 sc_true=80 tsample=150 tsr_stop=150,8,700,0.001,5,32,0.31666669249534607,1.0,48.95222091674805,0.8500000238418579,0.800000011920929,1.0,150,150,80,5,0.056557293981313705,113.37226867675781,0.05306423828005791,105.40560150146484,,,,,,,
e1a5300a,vtsnn_slip:viz,2020-03-18 14:29:52,0:03:55,completed,batch_size=8 checkpoint_dir=. data_dir=/home/…/bin_150 epochs=500 lr=0.001 output_size=2 sample_file=4 sc_false=5 sc_true=80 tsample=150 tsr_stop=150,8,500,0.001,4,,0.09833332896232605,1.0,0.3422222137451172,1.0,1.0,1.0,150,150,80,5,0.03195919468998909,132.07528686523438,0.03478245437145233,148.66912841796875,,,,,,,
0779ae8d,vtsnn_slip:tact,2020-03-18 14:27:49,0:03:15,completed,batch_size=8 checkpoint_dir=. data_dir=/home/…/bin_150 epochs=700 hidden_size=32 lr=0.001 output_size=2 sample_file=4 sc_false=5 sc_true=80 tsample=150 tsr_stop=150,8,700,0.001,4,32,0.29333335161209106,1.0,51.99555587768555,0.949999988079071,0.75,1.0,150,150,80,5,0.05964323505759239,106.7162094116211,0.058194443583488464,101.96484375,,,,,,,
39da604c,vtsnn_slip:viz,2020-03-18 14:26:17,0:03:34,completed,batch_size=8 checkpoint_dir=. data_dir=/home/…/bin_150 epochs=500 lr=0.001 output_size=2 sample_file=3 sc_false=5 sc_true=80 tsample=150 tsr_stop=150,8,500,0.001,3,,0.24800001084804535,1.0,6.247777462005615,1.0,1.0,1.0,150,150,80,5,0.03294871747493744,138.1359405517578,0.030889682471752167,124.72835540771484,,,,,,,
3d5bfd6f,vtsnn_slip:tact,2020-03-18 14:24:34,0:03:15,completed,batch_size=8 checkpoint_dir=. data_dir=/home/…/bin_150 epochs=700 hidden_size=32 lr=0.001 output_size=2 sample_file=3 sc_false=5 sc_true=80 tsample=150 tsr_stop=150,8,700,0.001,3,32,0.543999969959259,1.0,37.10444641113281,0.8500000238418579,0.800000011920929,1.0,150,150,80,5,0.061864592134952545,127.27656555175781,0.05950520932674408,119.92253112792969,,,,,,,
17185123,vtsnn_slip:viz,2020-03-18 14:22:45,0:03:32,completed,batch_size=8 checkpoint_dir=. data_dir=/home/…/bin_150 epochs=500 lr=0.001 output_size=2 sample_file=2 sc_false=5 sc_true=80 tsample=150 tsr_stop=150,8,500,0.001,2,,0.16433334350585938,1.0,0.6711111068725586,1.0,1.0,1.0,150,150,80,5,0.03249593824148178,135.5670166015625,0.03222645819187164,132.30923461914062,,,,,,,
f3c717d1,vtsnn_slip:tact,2020-03-18 14:21:20,0:03:13,completed,batch_size=8 checkpoint_dir=. data_dir=/home/…/bin_150 epochs=700 hidden_size=32 lr=0.001 output_size=2 sample_file=2 sc_false=5 sc_true=80 tsample=150 tsr_stop=150,8,700,0.001,2,32,0.4436666667461395,1.0,31.78444480895996,0.8999999761581421,0.8999999761581421,1.0,150,150,80,5,0.04747656732797623,88.2455062866211,0.049270838499069214,95.04167175292969,,,,,,,
23954dde,vtsnn_slip:viz,2020-03-18 14:19:15,0:03:30,completed,batch_size=8 checkpoint_dir=. data_dir=/home/…/bin_150 epochs=500 lr=0.001 output_size=2 sample_file=1 sc_false=5 sc_true=80 tsample=150 tsr_stop=150,8,500,0.001,1,,0.14100001752376556,1.0,0.42888888716697693,1.0,1.0,1.0,150,150,80,5,0.032163240015506744,133.3785400390625,0.034330159425735474,145.6699676513672,,,,,,,
44f8c02a,vtsnn_slip:tact,2020-03-18 14:18:07,0:03:12,completed,batch_size=8 checkpoint_dir=. data_dir=/home/…/bin_150 epochs=700 hidden_size=32 lr=0.001 output_size=2 sample_file=1 sc_false=5 sc_true=80 tsample=150 tsr_stop=150,8,700,0.001,1,32,0.3113333582878113,1.0,36.0444450378418,0.8999999761581421,0.8500000238418579,1.0,150,150,80,5,0.061294276267290115,110.6810531616211,0.05665798485279083,102.466796875,,,,,,,
4e006347,vtsnn_slip:viz,2020-03-18 14:15:46,0:03:28,completed,batch_size=8 checkpoint_dir=. data_dir=/home/…/bin_150 epochs=500 lr=0.001 output_size=2 sample_file=5 sc_false=5 sc_true=80 tsample=150 tsr_stop=150,8,500,0.001,5,,0.20600000023841858,1.0,3.8988890647888184,1.0,1.0,1.0,150,150,80,5,0.03186497837305069,131.7103729248047,0.03568188101053238,153.36514282226562,,,,,,,
2475769b,vtsnn_slip:tact,2020-03-18 14:14:56,0:03:11,completed,batch_size=8 checkpoint_dir=. data_dir=/home/…/bin_150 epochs=700 hidden_size=32 lr=0.001 output_size=2 sample_file=5 sc_false=5 sc_true=80 tsample=150 tsr_stop=150,8,700,0.001,5,32,0.31700003147125244,1.0,44.727779388427734,0.8999999761581421,0.8500000238418579,1.0,150,150,80,5,0.06597656011581421,139.26895141601562,0.0611979179084301,132.98959350585938,,,,,,,
9111353e,vtsnn_slip:viz,2020-03-18 14:12:21,0:03:25,completed,batch_size=8 checkpoint_dir=. data_dir=/home/…/bin_150 epochs=500 lr=0.001 output_size=2 sample_file=4 sc_false=5 sc_true=80 tsample=150 tsr_stop=150,8,500,0.001,4,,0.09933333843946457,1.0,0.39444443583488464,1.0,1.0,1.0,150,150,80,5,0.03195919468998909,132.07528686523438,0.03478245437145233,148.66912841796875,,,,,,,
5c383413,vtsnn_slip:tact,2020-03-18 14:11:44,0:03:11,completed,batch_size=8 checkpoint_dir=. data_dir=/home/…/bin_150 epochs=700 hidden_size=32 lr=0.001 output_size=2 sample_file=4 sc_false=5 sc_true=80 tsample=150 tsr_stop=150,8,700,0.001,4,32,0.32366669178009033,1.0,49.785560607910156,1.0,0.8500000238418579,1.0,150,150,80,5,0.05753384903073311,110.1787109375,0.056640625,107.166015625,,,,,,,
67ff860c,vtsnn_slip:viz,2020-03-18 14:08:59,0:03:21,completed,batch_size=8 checkpoint_dir=. data_dir=/home/…/bin_150 epochs=500 lr=0.001 output_size=2 sample_file=3 sc_false=5 sc_true=80 tsample=150 tsr_stop=150,8,500,0.001,3,,0.07666667550802231,1.0,2.516666889190674,1.0,1.0,1.0,150,150,80,5,0.03294871747493744,138.1359405517578,0.030889682471752167,124.72835540771484,,,,,,,
6cb25e58,vtsnn_slip:tact,2020-03-18 14:08:35,0:03:09,completed,batch_size=8 checkpoint_dir=. data_dir=/home/…/bin_150 epochs=700 hidden_size=32 lr=0.001 output_size=2 sample_file=3 sc_false=5 sc_true=80 tsample=150 tsr_stop=150,8,700,0.001,3,32,0.30800002813339233,1.0,38.29888916015625,0.8500000238418579,0.8500000238418579,1.0,150,150,80,5,0.04755469039082527,97.87676239013672,0.04483507201075554,92.93685150146484,,,,,,,
3701561e,vtsnn_slip:viz,2020-03-18 14:05:39,0:03:19,completed,batch_size=8 checkpoint_dir=. data_dir=/home/…/bin_150 epochs=500 lr=0.001 output_size=2 sample_file=2 sc_false=5 sc_true=80 tsample=150 tsr_stop=150,8,500,0.001,2,,0.15733332931995392,1.0,0.7733333110809326,1.0,1.0,1.0,150,150,80,5,0.03249593824148178,135.5670166015625,0.03222645819187164,132.30923461914062,,,,,,,
a35a10ce,vtsnn_slip:tact,2020-03-18 14:05:26,0:03:08,completed,batch_size=8 checkpoint_dir=. data_dir=/home/…/bin_150 epochs=700 hidden_size=32 lr=0.001 output_size=2 sample_file=2 sc_false=5 sc_true=80 tsample=150 tsr_stop=150,8,700,0.001,2,32,0.3473333418369293,1.0,30.541112899780273,0.949999988079071,0.8999999761581421,1.0,150,150,80,5,0.05516406521201134,103.29668426513672,0.05562500283122063,107.52083587646484,,,,,,,
0a696eb4,vtsnn_slip:viz,2020-03-18 14:02:23,0:03:16,completed,batch_size=8 checkpoint_dir=. data_dir=/home/…/bin_150 epochs=500 lr=0.001 output_size=2 sample_file=5 sc_false=5 sc_true=80 tsample=150 tsr_stop=150,8,500,0.001,5,,0.15033333003520966,1.0,0.4188888967037201,1.0,1.0,1.0,150,150,80,5,0.03186497837305069,131.7103729248047,0.03568188101053238,153.36514282226562,,,,,,,
9f5b682e,vtsnn_slip:tact,2020-03-18 14:02:16,0:03:10,completed,batch_size=8 checkpoint_dir=. data_dir=/home/…/bin_150 epochs=700 hidden_size=32 lr=0.001 output_size=2 sample_file=5 sc_false=5 sc_true=80 tsample=150 tsr_stop=150,8,700,0.001,5,32,0.23366665840148926,1.0,39.17444610595703,0.8999999761581421,0.800000011920929,1.0,150,150,80,5,0.055044274777173996,113.3490219116211,0.05160590261220932,110.88607025146484,,,,,,,
983bff81,vtsnn_slip:tact,2020-03-18 13:59:10,0:03:05,completed,batch_size=8 checkpoint_dir=. data_dir=/home/…/bin_150 epochs=700 hidden_size=32 lr=0.001 output_size=2 sample_file=4 sc_false=5 sc_true=80 tsample=150 tsr_stop=150,8,700,0.001,4,32,0.2943333387374878,1.0,34.823333740234375,1.0,0.800000011920929,1.0,150,150,80,5,0.06074218824505806,120.8119125366211,0.06359376013278961,127.51042175292969,,,,,,,
ce6ddb13,vtsnn_slip:viz,2020-03-18 13:59:06,0:03:16,completed,batch_size=8 checkpoint_dir=. data_dir=/home/…/bin_150 epochs=500 lr=0.001 output_size=2 sample_file=4 sc_false=5 sc_true=80 tsample=150 tsr_stop=150,8,500,0.001,4,,0.15133333206176758,1.0,1.2766667604446411,1.0,1.0,1.0,150,150,80,5,0.03195919468998909,132.07528686523438,0.03478245437145233,148.66912841796875,,,,,,,
1164b9ab,vtsnn_slip:viz,2020-03-18 13:56:01,0:03:05,completed,batch_size=8 checkpoint_dir=. data_dir=/home/…/bin_150 epochs=500 lr=0.001 output_size=2 sample_file=3 sc_false=5 sc_true=80 tsample=150 tsr_stop=150,8,500,0.001,3,,0.0716666728258133,1.0,4.228888988494873,1.0,1.0,1.0,150,150,80,5,0.03294871747493744,138.1359405517578,0.030889682471752167,124.72835540771484,,,,,,,
c2ecfdc9,vtsnn_slip:tact,2020-03-18 13:55:56,0:03:14,completed,batch_size=8 checkpoint_dir=. data_dir=/home/…/bin_150 epochs=700 hidden_size=32 lr=0.001 output_size=2 sample_file=3 sc_false=5 sc_true=80 tsample=150 tsr_stop=150,8,700,0.001,3,32,0.3316666781902313,1.0,30.091110229492188,0.8500000238418579,0.8500000238418579,1.0,150,150,80,5,0.05259896069765091,102.8980484008789,0.050399310886859894,99.01171875,,,,,,,
55a8e482,vtsnn_slip:viz,2020-03-18 13:52:59,0:03:01,completed,batch_size=8 checkpoint_dir=. data_dir=/home/…/bin_150 epochs=500 lr=0.001 output_size=2 sample_file=2 sc_false=5 sc_true=80 tsample=150 tsr_stop=150,8,500,0.001,2,,0.07933332771062851,1.0,0.5844444632530212,1.0,1.0,1.0,150,150,80,5,0.03249593824148178,135.5670166015625,0.03222645819187164,132.30923461914062,,,,,,,
b6286d02,vtsnn_slip:tact,2020-03-18 13:52:41,0:03:14,completed,batch_size=8 checkpoint_dir=. data_dir=/home/…/bin_150 epochs=700 hidden_size=32 lr=0.001 output_size=2 sample_file=2 sc_false=5 sc_true=80 tsample=150 tsr_stop=150,8,700,0.001,2,32,0.3866666853427887,1.0,32.94778060913086,0.949999988079071,0.8999999761581421,1.0,150,150,80,5,0.06458594650030136,130.0009765625,0.06455729901790619,135.0279998779297,,,,,,,
cc1bf59b,vtsnn_slip:viz,2020-03-18 13:50:00,0:02:59,completed,batch_size=8 checkpoint_dir=. data_dir=/home/…/bin_150 epochs=500 lr=0.001 output_size=2 sample_file=1 sc_false=5 sc_true=80 tsample=150 tsr_stop=150,8,500,0.001,1,,0.09066667407751083,1.0,0.47888892889022827,1.0,1.0,1.0,150,150,80,5,0.032163240015506744,133.3785400390625,0.034330159425735474,145.6699676513672,,,,,,,
570083fe,vtsnn_slip:tact,2020-03-18 13:49:33,0:03:08,completed,batch_size=8 checkpoint_dir=. data_dir=/home/…/bin_150 epochs=700 hidden_size=32 lr=0.001 output_size=2 sample_file=1 sc_false=5 sc_true=80 tsample=150 tsr_stop=150,8,700,0.001,1,32,0.4073333740234375,1.0,39.59000015258789,0.8999999761581421,0.800000011920929,1.0,150,150,80,5,0.053723957389593124,111.78242492675781,0.04900173842906952,103.45247650146484,,,,,,,
9339d976,vtsnn_slip:mm_ann,2020-03-18 13:40:37,0:05:56,completed,batch_size=8 checkpoint_dir=. data_dir=/home/…/bin_150 epochs=400 hidden_size=30 lr=0.0001 output_size=2 sample_file=1,8,400,0.0001,1,30,0.0,1.0,0.0,1.0,1.0,1.0,,,,,,,,,,,,,,,
bc38b7cf,vtsnn_slip:viz_ann,2020-03-18 13:33:40,0:05:59,completed,batch_size=8 checkpoint_dir=. data_dir=/home/…/bin_150 epochs=400 hidden_size=30 lr=0.0001 output_size=2 sample_file=1,8,400,0.0001,1,30,0.0,1.0,5.662441182607836e-08,1.0,1.0,1.0,,,,,,,,,,,,,,,
5cc3a741,vtsnn_slip:downsample,2020-03-18 13:31:59,0:00:28,completed,count=100 network=/home/…/network.yaml path=/home/…/bin_150,,,,,,,,,,,,,,,,,,,,/home/tasbolat/some_python_examples/VT_SNN/slip_detection/network.yaml,/home/tasbolat/some_python_examples/data_VT_SNN/slip_data/bin_150/,,,,,
0a2aaa62,vtsnn_slip:downsample,2020-03-18 13:31:21,0:00:12,completed,count=100 network=/home/…/network.yaml path=/home/…/bin_150,,,,,,,,,,,,,,,,,,,,/home/tasbolat/some_python_examples/VT_SNN/slip_detection/network.yaml,/home/tasbolat/some_python_examples/data_VT_SNN/slip_data/bin_150/,,,,,
cd66bc9a,vtsnn_slip:tact_ann,2020-03-18 13:21:51,0:04:27,completed,batch_size=8 checkpoint_dir=. data_dir=/home/…/bin_150 epochs=600 hidden_size=32 lr=0.0001 output_size=2 sample_file=1,8,600,0.0001,1,32,8.99396854947554e-06,1.0,0.21010279655456543,0.949999988079071,0.8500000238418579,1.0,,,,,,,,,,,,,,,
ce4c8f5d,vtsnn_slip:mm,2020-03-18 13:15:27,0:03:35,completed,batch_size=8 checkpoint_dir=. data_dir=/home/…/bin_150 epochs=500 lr=0.001 output_size=2 sample_file=1 sc_false=5 sc_true=80 tsample=150 tsr_stop=150,8,500,0.001,1,,0.03700000047683716,1.0,1.2477779388427734,1.0,1.0,1.0,150,150,80,5,0.09496463090181351,479.4576110839844,0.0985153540968895,519.720703125,,,,,,,
6221ea7b,vtsnn_slip:viz,2020-03-18 13:07:05,0:03:24,completed,batch_size=8 checkpoint_dir=. data_dir=/home/…/bin_150 epochs=500 lr=0.001 output_size=2 sample_file=1 sc_false=5 sc_true=80 tsample=150 tsr_stop=150,8,500,0.001,1,,0.07233333587646484,1.0,0.42000001668930054,1.0,1.0,1.0,150,150,80,5,0.032163240015506744,133.3785400390625,0.034330159425735474,145.6699676513672,,,,,,,
a72caffc,vtsnn_slip:tact,2020-03-18 13:02:16,0:02:46,completed,batch_size=8 checkpoint_dir=. data_dir=/home/…/bin_150 epochs=700 hidden_size=32 lr=0.001 output_size=2 sample_file=1 sc_false=5 sc_true=80 tsample=150 tsr_stop=150,8,700,0.001,1,32,0.35433337092399597,1.0,34.08555603027344,0.8999999761581421,0.8500000238418579,1.0,150,150,80,5,0.05697135254740715,109.85566711425781,0.05137152969837189,98.54817962646484,,,,,,,
14575336,vtsnn_slip:downsample,2020-03-18 12:48:18,0:00:11,completed,count=100 network=/home/…/network.yaml path=/home/…/bin_150,,,,,,,,,,,,,,,,,,,,/home/tasbolat/some_python_examples/VT_SNN/slip_detection/network.yaml,/home/tasbolat/some_python_examples/data_VT_SNN/slip_data/bin_150/,,,,,
577739af,vtsnn_slip:prepare-data,2020-03-18 12:47:00,0:00:19,completed,bin_duration=0.001 data_path=/datasets/…/slip2 save_dir=/home/…/bin_150 threshold=1,,,,,,,,,,,,,,,,,,,,,,0.001,/datasets/eventdata/slip2/,/home/tasbolat/some_python_examples/data_VT_SNN/slip_data/bin_150/,1,
23abec37,vtsnn_slip:prepare-data,2020-03-18 12:46:12,0:00:19,completed,bin_duration=0.001 data_path=/datasets/…/slip2 save_dir=/home/…/bin_150 threshold=1,,,,,,,,,,,,,,,,,,,,,,0.001,/datasets/eventdata/slip2/,/home/tasbolat/some_python_examples/data_VT_SNN/slip_data/bin_150/,1,
1ad4d794,vtsnn_slip:prepare-data,2020-03-18 12:44:58,0:00:19,completed,bin_duration=0.001 data_path=/datasets/…/slip2 save_dir=/home/…/bin_150 threshold=1,,,,,,,,,,,,,,,,,,,,,,0.001,/datasets/eventdata/slip2/,/home/tasbolat/some_python_examples/data_VT_SNN/slip_data/bin_150/,1,
a290b7a3,vtsnn:viz_ann,2020-03-14 16:44:24,0:19:27,completed,batch_size=8 checkpoint_dir=. data_dir=/home/…/data_VT_SNN epochs=400 hidden_size=30 lr=0.0001 sample_file=5,8,400,0.0001,5,30,1.7732381252244522e-07,1.0,0.4582618176937103,0.4333333373069763,0.4000000059604645,1.0,,,,,,,,,,,,,,,
5f278820,vtsnn:viz_ann,2020-03-14 16:25:01,0:19:22,completed,batch_size=8 checkpoint_dir=. data_dir=/home/…/data_VT_SNN epochs=400 hidden_size=30 lr=0.0001 sample_file=4,8,400,0.0001,4,30,5.419055355559976e-07,1.0,0.40054556727409363,0.4833333194255829,0.36666667461395264,1.0,,,,,,,,,,,,,,,
fe032d98,vtsnn:viz_ann,2020-03-14 16:05:40,0:19:20,completed,batch_size=8 checkpoint_dir=. data_dir=/home/…/data_VT_SNN epochs=400 hidden_size=30 lr=0.0001 sample_file=3,8,400,0.0001,3,30,7.048249131003104e-07,1.0,0.28480666875839233,0.5833333134651184,0.5166666507720947,1.0,,,,,,,,,,,,,,,
79150d0b,vtsnn:viz_ann,2020-03-14 15:46:20,0:19:20,completed,batch_size=8 checkpoint_dir=. data_dir=/home/…/data_VT_SNN epochs=400 hidden_size=30 lr=0.0001 sample_file=2,8,400,0.0001,2,30,4.157423916240077e-07,1.0,0.401396781206131,0.5166666507720947,0.46666666865348816,1.0,,,,,,,,,,,,,,,
8efc7f89,vtsnn:viz_ann,2020-03-14 15:26:53,0:19:26,completed,batch_size=8 checkpoint_dir=. data_dir=/home/…/data_VT_SNN epochs=400 hidden_size=30 lr=0.0001 sample_file=1,8,400,0.0001,1,30,2.006689641120829e-07,1.0,0.37232258915901184,0.5166666507720947,0.38333332538604736,1.0,,,,,,,,,,,,,,,
6883ef49,vtsnn:tac_rpg,2020-03-12 15:02:21,0:00:58,completed,batch_size=4 checkpoint_dir=. data_dir=/home/…/data_VT_SNN epochs=40 lr=0.0001 sample_file=0,4,40,0.0001,0,,0.011036696843802929,1.0,0.13605549931526184,0.7833333611488342,0.7666666507720947,1.0,,,,,,,,,,,,,,,
4faf8626,vtsnn:tac_rpg,2020-03-12 15:00:07,0:02:13,completed,batch_size=4 checkpoint_dir=. data_dir=/home/…/data_VT_SNN epochs=40 lr=0.0001 sample_file=0,4,40,0.0001,0,,0.010071562603116035,1.0,0.1323261559009552,0.8166666626930237,0.800000011920929,1.0,,,,,,,,,,,,,,,
8eb3c696,vtsnn:vis_rpg,2020-03-12 14:59:41,0:02:14,completed,batch_size=4 checkpoint_dir=. data_dir=/home/…/data_VT_SNN epochs=20 lr=0.0001 sample_file=0,4,20,0.0001,0,,0.006987161003053188,1.0,0.09957604110240936,0.8999999761581421,0.8666666746139526,1.0,,,,,,,,,,,,,,,
287d59e5,vtsnn:vis_rpg,2020-03-12 14:57:26,0:02:15,completed,batch_size=4 checkpoint_dir=. data_dir=/home/…/data_VT_SNN epochs=20 lr=0.0001 sample_file=0,4,20,0.0001,0,,0.009487045928835869,1.0,0.1674218326807022,0.8833333253860474,0.8500000238418579,1.0,,,,,,,,,,,,,,,
d5d3393d,vtsnn:tac_rpg,2020-03-12 14:57:09,0:02:58,completed,batch_size=4 checkpoint_dir=. data_dir=/home/…/data_VT_SNN epochs=40 lr=0.0001 sample_file=0,4,40,0.0001,0,,0.01205946784466505,1.0,0.12517297267913818,0.8500000238418579,0.8500000238418579,1.0,,,,,,,,,,,,,,,
f962e177,vtsnn:vis_rpg,2020-03-12 14:55:34,0:01:51,completed,batch_size=4 checkpoint_dir=. data_dir=/home/…/data_VT_SNN epochs=20 lr=0.0001 sample_file=0,4,20,0.0001,0,,0.005798631813377142,1.0,0.11589225381612778,0.8999999761581421,0.8500000238418579,1.0,,,,,,,,,,,,,,,
2b71c13b,vtsnn:vis_rpg,2020-03-11 21:29:10,0:05:22,completed,batch_size=4 checkpoint_dir=. data_dir=/home/…/data_VT_SNN epochs=20 lr=0.0001 sample_file=4,4,20,0.0001,4,,0.006233195308595896,1.0,0.2103581577539444,0.8333333134651184,0.8166666626930237,0.9958333373069763,,,,,,,,,,,,,,,
5609126f,vtsnn:vis_rpg,2020-03-11 21:23:50,0:05:19,completed,batch_size=4 checkpoint_dir=. data_dir=/home/…/data_VT_SNN epochs=20 lr=0.0001 sample_file=4,4,20,0.0001,4,,0.004617885686457157,1.0,0.24520495533943176,0.8500000238418579,0.7666666507720947,1.0,,,,,,,,,,,,,,,
915f2fbd,vtsnn:vis_rpg,2020-03-11 21:18:26,0:05:24,completed,batch_size=4 checkpoint_dir=. data_dir=/home/…/data_VT_SNN epochs=20 lr=0.0001 sample_file=4,4,20,0.0001,4,,0.01259839627891779,1.0,0.14267638325691223,0.8666666746139526,0.8333333134651184,0.9958333373069763,,,,,,,,,,,,,,,
ff59bbfa,vtsnn:vis_rpg,2020-03-11 21:13:05,0:05:20,completed,batch_size=4 checkpoint_dir=. data_dir=/home/…/data_VT_SNN epochs=20 lr=0.0001 sample_file=3,4,20,0.0001,3,,0.007070528343319893,1.0,0.09443232417106628,0.8833333253860474,0.8666666746139526,0.9958333373069763,,,,,,,,,,,,,,,
dcbff176,vtsnn:vis_rpg,2020-03-11 21:07:41,0:05:24,completed,batch_size=4 checkpoint_dir=. data_dir=/home/…/data_VT_SNN epochs=20 lr=0.0001 sample_file=3,4,20,0.0001,3,,0.006013102829456329,1.0,0.12263800948858261,0.8500000238418579,0.8500000238418579,1.0,,,,,,,,,,,,,,,
7306de8a,vtsnn:vis_rpg,2020-03-11 21:02:16,0:05:24,completed,batch_size=4 checkpoint_dir=. data_dir=/home/…/data_VT_SNN epochs=20 lr=0.0001 sample_file=3,4,20,0.0001,3,,0.0060807811096310616,1.0,0.1829160749912262,0.8666666746139526,0.8333333134651184,1.0,,,,,,,,,,,,,,,
c16229d8,vtsnn:vis_rpg,2020-03-11 20:56:55,0:05:21,completed,batch_size=4 checkpoint_dir=. data_dir=/home/…/data_VT_SNN epochs=20 lr=0.0001 sample_file=2,4,20,0.0001,2,,0.005463250447064638,1.0,0.26366516947746277,0.8333333134651184,0.8166666626930237,1.0,,,,,,,,,,,,,,,
275de4dd,vtsnn:vis_rpg,2020-03-11 20:51:31,0:05:23,completed,batch_size=4 checkpoint_dir=. data_dir=/home/…/data_VT_SNN epochs=20 lr=0.0001 sample_file=2,4,20,0.0001,2,,0.010504602454602718,1.0,0.21194356679916382,0.8500000238418579,0.8333333134651184,0.9958333373069763,,,,,,,,,,,,,,,
d3387a66,vtsnn:vis_rpg,2020-03-11 20:46:10,0:05:21,completed,batch_size=4 checkpoint_dir=. data_dir=/home/…/data_VT_SNN epochs=20 lr=0.0001 sample_file=2,4,20,0.0001,2,,0.01296183280646801,1.0,0.21309788525104523,0.8333333134651184,0.7833333611488342,0.987500011920929,,,,,,,,,,,,,,,
457c5367,vtsnn:vis_rpg,2020-03-11 20:40:47,0:05:22,completed,batch_size=4 checkpoint_dir=. data_dir=/home/…/data_VT_SNN epochs=20 lr=0.0001 sample_file=1,4,20,0.0001,1,,0.008676604367792606,1.0,0.18954482674598694,0.8666666746139526,0.7833333611488342,1.0,,,,,,,,,,,,,,,
df6efc01,vtsnn:vis_rpg,2020-03-11 20:35:26,0:05:20,completed,batch_size=4 checkpoint_dir=. data_dir=/home/…/data_VT_SNN epochs=20 lr=0.0001 sample_file=1,4,20,0.0001,1,,0.014773441478610039,1.0,0.22616535425186157,0.8333333134651184,0.75,0.9916666746139526,,,,,,,,,,,,,,,
da9a6313,vtsnn:vis_rpg,2020-03-11 20:30:03,0:05:22,completed,batch_size=4 checkpoint_dir=. data_dir=/home/…/data_VT_SNN epochs=20 lr=0.0001 sample_file=1,4,20,0.0001,1,,0.0074937413446605206,1.0,0.24577701091766357,0.8666666746139526,0.7666666507720947,1.0,,,,,,,,,,,,,,,
33323ae5,vtsnn:tac_rpg,2020-03-11 18:04:57,0:01:00,completed,batch_size=4 checkpoint_dir=. data_dir=/home/…/data_VT_SNN epochs=40 lr=0.0001 sample_file=4,4,40,0.0001,4,,0.013615760952234268,1.0,0.22316603362560272,0.800000011920929,0.7833333611488342,1.0,,,,,,,,,,,,,,,
df160d17,vtsnn:tac_rpg,2020-03-11 18:03:57,0:00:59,completed,batch_size=4 checkpoint_dir=. data_dir=/home/…/data_VT_SNN epochs=40 lr=0.0001 sample_file=4,4,40,0.0001,4,,0.008452883921563625,1.0,0.23012839257717133,0.7833333611488342,0.7666666507720947,1.0,,,,,,,,,,,,,,,
1b3f2771,vtsnn:tac_rpg,2020-03-11 18:02:57,0:01:00,completed,batch_size=4 checkpoint_dir=. data_dir=/home/…/data_VT_SNN epochs=40 lr=0.0001 sample_file=4,4,40,0.0001,4,,0.010051961988210678,1.0,0.23371142148971558,0.7333333492279053,0.7166666388511658,1.0,,,,,,,,,,,,,,,
9db1ec82,vtsnn:tac_rpg,2020-03-11 18:01:57,0:01:00,completed,batch_size=4 checkpoint_dir=. data_dir=/home/…/data_VT_SNN epochs=40 lr=0.0001 sample_file=3,4,40,0.0001,3,,0.011289706453680992,1.0,0.17697811126708984,0.75,0.7333333492279053,1.0,,,,,,,,,,,,,,,
b697112b,vtsnn:tac_rpg,2020-03-11 18:00:56,0:01:00,completed,batch_size=4 checkpoint_dir=. data_dir=/home/…/data_VT_SNN epochs=40 lr=0.0001 sample_file=3,4,40,0.0001,3,,0.003876701695844531,1.0,0.1911628693342209,0.7666666507720947,0.7166666388511658,1.0,,,,,,,,,,,,,,,
28f6a018,vtsnn:tac_rpg,2020-03-11 17:59:55,0:01:01,completed,batch_size=4 checkpoint_dir=. data_dir=/home/…/data_VT_SNN epochs=40 lr=0.0001 sample_file=3,4,40,0.0001,3,,0.007283291779458523,1.0,0.24532213807106018,0.699999988079071,0.6666666865348816,1.0,,,,,,,,,,,,,,,
84b28607,vtsnn:tac_rpg,2020-03-11 17:58:54,0:01:00,completed,batch_size=4 checkpoint_dir=. data_dir=/home/…/data_VT_SNN epochs=40 lr=0.0001 sample_file=2,4,40,0.0001,2,,0.006647820118814707,1.0,0.16890402138233185,0.800000011920929,0.75,1.0,,,,,,,,,,,,,,,
44345d94,vtsnn:tac_rpg,2020-03-11 17:57:55,0:00:59,completed,batch_size=4 checkpoint_dir=. data_dir=/home/…/data_VT_SNN epochs=40 lr=0.0001 sample_file=2,4,40,0.0001,2,,0.006755086127668619,1.0,0.2138938158750534,0.7666666507720947,0.7666666507720947,1.0,,,,,,,,,,,,,,,
585783f5,vtsnn:tac_rpg,2020-03-11 17:56:56,0:00:58,completed,batch_size=4 checkpoint_dir=. data_dir=/home/…/data_VT_SNN epochs=40 lr=0.0001 sample_file=2,4,40,0.0001,2,,0.0035956348292529583,1.0,0.2371019423007965,0.6833333373069763,0.6666666865348816,1.0,,,,,,,,,,,,,,,
13a00f72,vtsnn:tac_rpg,2020-03-11 17:55:58,0:00:58,completed,batch_size=4 checkpoint_dir=. data_dir=/home/…/data_VT_SNN epochs=40 lr=0.0001 sample_file=1,4,40,0.0001,1,,0.00854574516415596,1.0,0.1675761491060257,0.7833333611488342,0.7666666507720947,1.0,,,,,,,,,,,,,,,
47875f7b,vtsnn:tac_rpg,2020-03-11 17:55:01,0:00:56,completed,batch_size=4 checkpoint_dir=. data_dir=/home/…/data_VT_SNN epochs=40 lr=0.0001 sample_file=1,4,40,0.0001,1,,0.010539374314248562,1.0,0.17677722871303558,0.7833333611488342,0.7166666388511658,1.0,,,,,,,,,,,,,,,
180d47f3,vtsnn:tac_rpg,2020-03-11 17:52:17,0:00:56,completed,batch_size=4 checkpoint_dir=. data_dir=/home/…/data_VT_SNN epochs=40 lr=0.0001 sample_file=1,4,40,0.0001,1,,0.012317669577896595,1.0,0.1538040190935135,0.7833333611488342,0.7666666507720947,1.0,,,,,,,,,,,,,,,
9c39080b,vtsnn:mm_ann,2020-03-10 23:12:21,0:19:40,completed,batch_size=8 checkpoint_dir=. data_dir=/home/…/data_VT_SNN epochs=400 hidden_size=30 lr=0.0001 sample_file=5,8,400,0.0001,5,30,6.95387525340152e-09,1.0,0.6422133445739746,0.4166666567325592,0.3499999940395355,1.0,,,,,,,,,,,,,,,
06a2c517,vtsnn:viz_ann,2020-03-10 22:57:11,0:21:43,completed,batch_size=8 checkpoint_dir=. data_dir=/home/…/data_VT_SNN epochs=400 hidden_size=30 lr=0.0001 sample_file=5,8,400,0.0001,5,30,4.520018990206154e-07,1.0,0.5570454597473145,0.38333332538604736,0.3499999940395355,1.0,,,,,,,,,,,,,,,
5d3d6d35,vtsnn:mm_ann,2020-03-10 22:52:34,0:19:47,completed,batch_size=8 checkpoint_dir=. data_dir=/home/…/data_VT_SNN epochs=400 hidden_size=30 lr=0.0001 sample_file=5,8,400,0.0001,5,30,7.748603536583687e-08,1.0,0.7065995931625366,0.5166666507720947,0.30000001192092896,1.0,,,,,,,,,,,,,,,
30dd8d7f,vtsnn:viz_ann,2020-03-10 22:35:32,0:21:38,completed,batch_size=8 checkpoint_dir=. data_dir=/home/…/data_VT_SNN epochs=400 hidden_size=30 lr=0.0001 sample_file=5,8,400,0.0001,5,30,4.6193599700927734e-07,1.0,0.5212433338165283,0.4166666567325592,0.4000000059604645,1.0,,,,,,,,,,,,,,,
925d5739,vtsnn:mm_ann,2020-03-10 22:32:56,0:19:38,completed,batch_size=8 checkpoint_dir=. data_dir=/home/…/data_VT_SNN epochs=400 hidden_size=30 lr=0.0001 sample_file=5,8,400,0.0001,5,30,2.8808910812472277e-08,1.0,0.6464856863021851,0.5333333611488342,0.44999998807907104,1.0,,,,,,,,,,,,,,,
c8416dcf,vtsnn:viz_ann,2020-03-10 22:13:56,0:21:35,completed,batch_size=8 checkpoint_dir=. data_dir=/home/…/data_VT_SNN epochs=400 hidden_size=30 lr=0.0001 sample_file=5,8,400,0.0001,5,30,4.1276217643826385e-07,1.0,0.4417981505393982,0.4166666567325592,0.3499999940395355,1.0,,,,,,,,,,,,,,,
fe46b324,vtsnn:mm_ann,2020-03-10 22:13:24,0:19:31,completed,batch_size=8 checkpoint_dir=. data_dir=/home/…/data_VT_SNN epochs=400 hidden_size=30 lr=0.0001 sample_file=4,8,400,0.0001,4,30,2.5928019908860733e-07,1.0,0.47422507405281067,0.5,0.38333332538604736,1.0,,,,,,,,,,,,,,,
5f2d92be,vtsnn:mm_ann,2020-03-10 21:53:57,0:19:26,completed,batch_size=8 checkpoint_dir=. data_dir=/home/…/data_VT_SNN epochs=400 hidden_size=30 lr=0.0001 sample_file=4,8,400,0.0001,4,30,4.22199555316638e-08,1.0,0.4777747392654419,0.5666666626930237,0.4833333194255829,1.0,,,,,,,,,,,,,,,
067a6c1a,vtsnn:viz_ann,2020-03-10 21:52:13,0:21:42,completed,batch_size=8 checkpoint_dir=. data_dir=/home/…/data_VT_SNN epochs=400 hidden_size=30 lr=0.0001 sample_file=4,8,400,0.0001,4,30,6.655852189396683e-07,1.0,0.40750718116760254,0.4166666567325592,0.3499999940395355,1.0,,,,,,,,,,,,,,,
96bf2149,vtsnn:mm_ann,2020-03-10 21:34:41,0:19:15,completed,batch_size=8 checkpoint_dir=. data_dir=/home/…/data_VT_SNN epochs=400 hidden_size=30 lr=0.0001 sample_file=4,8,400,0.0001,4,30,7.276733526850876e-07,1.0,0.6851995587348938,0.4833333194255829,0.4000000059604645,1.0,,,,,,,,,,,,,,,
71364e9f,vtsnn:viz_ann,2020-03-10 21:30:44,0:21:29,completed,batch_size=8 checkpoint_dir=. data_dir=/home/…/data_VT_SNN epochs=400 hidden_size=30 lr=0.0001 sample_file=4,8,400,0.0001,4,30,3.680586928567209e-07,1.0,0.3806907534599304,0.5,0.46666666865348816,1.0,,,,,,,,,,,,,,,
fbe3f861,vtsnn:mm_ann,2020-03-10 21:15:34,0:19:06,completed,batch_size=8 checkpoint_dir=. data_dir=/home/…/data_VT_SNN epochs=400 hidden_size=30 lr=0.0001 sample_file=3,8,400,0.0001,3,30,1.197060015556417e-07,1.0,0.5119427442550659,0.5833333134651184,0.4000000059604645,1.0,,,,,,,,,,,,,,,
868e1f11,vtsnn:viz_ann,2020-03-10 21:09:11,0:21:33,completed,batch_size=8 checkpoint_dir=. data_dir=/home/…/data_VT_SNN epochs=400 hidden_size=30 lr=0.0001 sample_file=4,8,400,0.0001,4,30,3.2881897027436935e-07,1.0,0.4719791114330292,0.44999998807907104,0.4000000059604645,1.0,,,,,,,,,,,,,,,
96e7c536,vtsnn:mm_ann,2020-03-10 20:56:25,0:19:08,completed,batch_size=8 checkpoint_dir=. data_dir=/home/…/data_VT_SNN epochs=400 hidden_size=30 lr=0.0001 sample_file=3,8,400,0.0001,3,30,1.01327898960335e-07,1.0,0.3782998323440552,0.6166666746139526,0.5333333611488342,1.0,,,,,,,,,,,,,,,
f314ce08,vtsnn:viz_ann,2020-03-10 20:47:35,0:21:35,completed,batch_size=8 checkpoint_dir=. data_dir=/home/…/data_VT_SNN epochs=400 hidden_size=30 lr=0.0001 sample_file=3,8,400,0.0001,3,30,1.2169281262686127e-06,1.0,0.3285442590713501,0.5,0.4333333373069763,1.0,,,,,,,,,,,,,,,
8703f607,vtsnn:mm_ann,2020-03-10 20:37:35,0:18:50,completed,batch_size=8 checkpoint_dir=. data_dir=/home/…/data_VT_SNN epochs=400 hidden_size=30 lr=0.0001 sample_file=3,8,400,0.0001,3,30,8.642673776648735e-08,1.0,0.4270591139793396,0.5666666626930237,0.5,1.0,,,,,,,,,,,,,,,
10c416b6,vtsnn:viz_ann,2020-03-10 20:25:57,0:21:38,completed,batch_size=8 checkpoint_dir=. data_dir=/home/…/data_VT_SNN epochs=400 hidden_size=30 lr=0.0001 sample_file=3,8,400,0.0001,3,30,3.675619666410057e-07,1.0,0.3139907419681549,0.5166666507720947,0.5,1.0,,,,,,,,,,,,,,,
a2485011,vtsnn:mm_ann,2020-03-10 20:19:04,0:18:30,completed,batch_size=8 checkpoint_dir=. data_dir=/home/…/data_VT_SNN epochs=400 hidden_size=30 lr=0.0001 sample_file=2,8,400,0.0001,2,30,5.364417887676609e-08,1.0,0.4588785171508789,0.5333333611488342,0.46666666865348816,1.0,,,,,,,,,,,,,,,
c7bc7710,vtsnn:viz_ann,2020-03-10 20:04:29,0:21:27,completed,batch_size=8 checkpoint_dir=. data_dir=/home/…/data_VT_SNN epochs=400 hidden_size=30 lr=0.0001 sample_file=3,8,400,0.0001,3,30,3.2385190706918365e-07,1.0,0.4002969563007355,0.4166666567325592,0.4000000059604645,1.0,,,,,,,,,,,,,,,
7c78b7f9,vtsnn:mm_ann,2020-03-10 20:00:33,0:18:30,completed,batch_size=8 checkpoint_dir=. data_dir=/home/…/data_VT_SNN epochs=400 hidden_size=30 lr=0.0001 sample_file=2,8,400,0.0001,2,30,9.735425265944286e-08,1.0,0.5737334489822388,0.5333333611488342,0.4833333194255829,1.0,,,,,,,,,,,,,,,
07afb34f,vtsnn:viz_ann,2020-03-10 19:42:39,0:21:49,completed,batch_size=8 checkpoint_dir=. data_dir=/home/…/data_VT_SNN epochs=400 hidden_size=30 lr=0.0001 sample_file=2,8,400,0.0001,2,30,3.998478348421486e-07,1.0,0.3726896047592163,0.5,0.5,1.0,,,,,,,,,,,,,,,
0468234a,vtsnn:mm_ann,2020-03-10 19:42:14,0:18:19,completed,batch_size=8 checkpoint_dir=. data_dir=/home/…/data_VT_SNN epochs=400 hidden_size=30 lr=0.0001 sample_file=2,8,400,0.0001,2,30,1.7136335372924805e-07,1.0,0.6192067265510559,0.550000011920929,0.4166666567325592,1.0,,,,,,,,,,,,,,,
818d4536,vtsnn:mm_ann,2020-03-10 19:24:08,0:18:05,completed,batch_size=8 checkpoint_dir=. data_dir=/home/…/data_VT_SNN epochs=400 hidden_size=30 lr=0.0001 sample_file=1,8,400,0.0001,1,30,2.8808910812472277e-08,1.0,0.4028085172176361,0.6166666746139526,0.4833333194255829,1.0,,,,,,,,,,,,,,,
867bb70e,vtsnn:viz_ann,2020-03-10 19:21:10,0:21:28,completed,batch_size=8 checkpoint_dir=. data_dir=/home/…/data_VT_SNN epochs=400 hidden_size=30 lr=0.0001 sample_file=2,8,400,0.0001,2,30,4.3461719201332016e-07,1.0,0.39794400334358215,0.5333333611488342,0.4333333373069763,1.0,,,,,,,,,,,,,,,
018255e8,vtsnn:mm_ann,2020-03-10 19:06:17,0:17:50,completed,batch_size=8 checkpoint_dir=. data_dir=/home/…/data_VT_SNN epochs=400 hidden_size=30 lr=0.0001 sample_file=1,8,400,0.0001,1,30,2.0811954470900673e-07,1.0,0.5178540945053101,0.5333333611488342,0.46666666865348816,1.0,,,,,,,,,,,,,,,
71e849f5,vtsnn:viz_ann,2020-03-10 18:59:09,0:22:00,completed,batch_size=8 checkpoint_dir=. data_dir=/home/…/data_VT_SNN epochs=400 hidden_size=30 lr=0.0001 sample_file=2,8,400,0.0001,2,30,7.58965825298219e-07,1.0,0.2861381471157074,0.5166666507720947,0.4833333194255829,1.0,,,,,,,,,,,,,,,
f4fc0459,vtsnn:mm_ann,2020-03-10 18:49:52,0:16:25,completed,batch_size=8 checkpoint_dir=. data_dir=/home/…/data_VT_SNN epochs=400 hidden_size=30 lr=0.0001 sample_file=1,8,400,0.0001,1,30,8.742014756535355e-08,1.0,0.6730487942695618,0.550000011920929,0.4333333373069763,1.0,,,,,,,,,,,,,,,
810e1e9f,vtsnn:viz_ann,2020-03-10 18:39:55,0:19:14,completed,batch_size=8 checkpoint_dir=. data_dir=/home/…/data_VT_SNN epochs=400 hidden_size=30 lr=0.0001 sample_file=1,8,400,0.0001,1,30,3.655751470432733e-07,1.0,0.38886433839797974,0.5333333611488342,0.44999998807907104,1.0,,,,,,,,,,,,,,,
a22a3b21,vtsnn:viz_ann,2020-03-10 18:20:25,0:19:29,completed,batch_size=8 checkpoint_dir=. data_dir=/home/…/data_VT_SNN epochs=400 hidden_size=30 lr=0.0001 sample_file=1,8,400,0.0001,1,30,3.2285848305946274e-07,1.0,0.43117964267730713,0.5666666626930237,0.5,1.0,,,,,,,,,,,,,,,
bddf68d5,vtsnn:viz_ann,2020-03-10 18:03:02,0:17:23,completed,batch_size=8 checkpoint_dir=. data_dir=/home/…/data_VT_SNN epochs=400 hidden_size=30 lr=0.0001 sample_file=1,8,400,0.0001,1,30,2.558032576871483e-07,1.0,0.44281813502311707,0.5,0.4333333373069763,1.0,,,,,,,,,,,,,,,
957a5982,vtsnn:tact_ann,2020-03-09 22:34:43,0:08:04,completed,batch_size=8 checkpoint_dir=. data_dir=/home/…/data_VT_SNN epochs=600 hidden_size=32 lr=0.0001 sample_file=5,8,600,0.0001,5,32,0.0011277017183601856,1.0,0.2956525385379791,0.5333333611488342,0.46666666865348816,1.0,,,,,,,,,,,,,,,
b47c67ac,vtsnn:tact_ann,2020-03-09 22:26:37,0:08:05,completed,batch_size=8 checkpoint_dir=. data_dir=/home/…/data_VT_SNN epochs=600 hidden_size=32 lr=0.0001 sample_file=5,8,600,0.0001,5,32,0.004295924212783575,1.0,0.2698492109775543,0.5166666507720947,0.46666666865348816,0.9958333373069763,,,,,,,,,,,,,,,
ce0fd5ac,vtsnn:tact_ann,2020-03-09 22:18:29,0:08:07,completed,batch_size=8 checkpoint_dir=. data_dir=/home/…/data_VT_SNN epochs=600 hidden_size=32 lr=0.0001 sample_file=5,8,600,0.0001,5,32,0.003045884193852544,1.0,0.2806265950202942,0.550000011920929,0.5,1.0,,,,,,,,,,,,,,,
a4edc2be,vtsnn:tact_ann,2020-03-09 22:10:21,0:08:08,completed,batch_size=8 checkpoint_dir=. data_dir=/home/…/data_VT_SNN epochs=600 hidden_size=32 lr=0.0001 sample_file=4,8,600,0.0001,4,32,0.0034510747063905,1.0,0.3434262275695801,0.4833333194255829,0.46666666865348816,1.0,,,,,,,,,,,,,,,
798bb3f6,vtsnn:tact_ann,2020-03-09 22:02:13,0:08:07,completed,batch_size=8 checkpoint_dir=. data_dir=/home/…/data_VT_SNN epochs=600 hidden_size=32 lr=0.0001 sample_file=4,8,600,0.0001,4,32,0.0076750777661800385,1.0,0.22473300993442535,0.550000011920929,0.550000011920929,0.9958333373069763,,,,,,,,,,,,,,,
e54d288d,vtsnn:tact_ann,2020-03-09 21:54:06,0:08:07,completed,batch_size=8 checkpoint_dir=. data_dir=/home/…/data_VT_SNN epochs=600 hidden_size=32 lr=0.0001 sample_file=4,8,600,0.0001,4,32,0.0015768103767186403,1.0,0.27468398213386536,0.5666666626930237,0.5166666507720947,1.0,,,,,,,,,,,,,,,
cf9db774,vtsnn:tact_ann,2020-03-09 21:45:59,0:08:06,completed,batch_size=8 checkpoint_dir=. data_dir=/home/…/data_VT_SNN epochs=600 hidden_size=32 lr=0.0001 sample_file=3,8,600,0.0001,3,32,0.003249737434089184,1.0,0.24315111339092255,0.46666666865348816,0.4166666567325592,1.0,,,,,,,,,,,,,,,
3b61021d,vtsnn:tact_ann,2020-03-09 21:37:53,0:08:05,completed,batch_size=8 checkpoint_dir=. data_dir=/home/…/data_VT_SNN epochs=600 hidden_size=32 lr=0.0001 sample_file=3,8,600,0.0001,3,32,0.0009290379821322858,1.0,0.26594626903533936,0.6000000238418579,0.5333333611488342,1.0,,,,,,,,,,,,,,,
e5942df8,vtsnn:tact_ann,2020-03-09 21:29:41,0:08:12,completed,batch_size=8 checkpoint_dir=. data_dir=/home/…/data_VT_SNN epochs=600 hidden_size=32 lr=0.0001 sample_file=3,8,600,0.0001,3,32,0.004182635340839624,1.0,0.1944628655910492,0.699999988079071,0.6000000238418579,1.0,,,,,,,,,,,,,,,
03c0d570,vtsnn:tact_ann,2020-03-09 21:21:30,0:08:10,completed,batch_size=8 checkpoint_dir=. data_dir=/home/…/data_VT_SNN epochs=600 hidden_size=32 lr=0.0001 sample_file=2,8,600,0.0001,2,32,0.004512446001172066,1.0,0.24146735668182373,0.6000000238418579,0.6000000238418579,1.0,,,,,,,,,,,,,,,
f977633b,vtsnn:tact,2020-03-09 21:19:04,0:02:58,completed,batch_size=8 checkpoint_dir=. data_dir=/home/…/data_VT_SNN epochs=500 hidden_size=32 lr=0.01 sample_file=5 sc_false=5 sc_true=150 tsample=325 tsr_stop=325,8,500,0.01,5,32,1.3029744625091553,1.0,109.63346099853516,0.75,0.75,1.0,325,325,150,5,0.1730220764875412,3559.055908203125,0.17369741201400757,3510.160888671875,,,,,,,
f1ddc009,vtsnn:tact,2020-03-09 21:16:05,0:02:58,completed,batch_size=8 checkpoint_dir=. data_dir=/home/…/data_VT_SNN epochs=500 hidden_size=32 lr=0.01 sample_file=5 sc_false=5 sc_true=150 tsample=325 tsr_stop=325,8,500,0.01,5,32,0.6271795630455017,1.0,105.36672973632812,0.7833333611488342,0.75,1.0,325,325,150,5,0.16235579550266266,3371.630859375,0.16357722878456116,3291.040283203125,,,,,,,
368a81dc,vtsnn:tact_ann,2020-03-09 21:13:11,0:08:18,completed,batch_size=8 checkpoint_dir=. data_dir=/home/…/data_VT_SNN epochs=600 hidden_size=32 lr=0.0001 sample_file=2,8,600,0.0001,2,32,0.0022744645830243826,1.0,0.22932706773281097,0.5666666626930237,0.550000011920929,1.0,,,,,,,,,,,,,,,
685c4549,vtsnn:tact,2020-03-09 21:13:06,0:02:59,completed,batch_size=8 checkpoint_dir=. data_dir=/home/…/data_VT_SNN epochs=500 hidden_size=32 lr=0.01 sample_file=5 sc_false=5 sc_true=150 tsample=325 tsr_stop=325,8,500,0.01,5,32,11.07974624633789,1.0,128.73269653320312,0.75,0.699999988079071,0.9958333373069763,325,325,150,5,0.1762412190437317,3865.087158203125,0.17585186660289764,3794.721435546875,,,,,,,
53571d89,vtsnn:tact,2020-03-09 21:10:07,0:02:58,completed,batch_size=8 checkpoint_dir=. data_dir=/home/…/data_VT_SNN epochs=500 hidden_size=32 lr=0.01 sample_file=4 sc_false=5 sc_true=150 tsample=325 tsr_stop=325,8,500,0.01,4,32,0.7822564840316772,1.0,106.80538177490234,0.7666666507720947,0.699999988079071,1.0,325,325,150,5,0.14489224553108215,2869.88427734375,0.1468028873205185,2788.0888671875,,,,,,,
7c7caf50,vtsnn:tact,2020-03-09 21:07:06,0:03:00,completed,batch_size=8 checkpoint_dir=. data_dir=/home/…/data_VT_SNN epochs=500 hidden_size=32 lr=0.01 sample_file=4 sc_false=5 sc_true=150 tsample=325 tsr_stop=325,8,500,0.01,4,32,1.305846095085144,1.0,124.73750305175781,0.7833333611488342,0.6833333373069763,1.0,325,325,150,5,0.23032252490520477,5375.11083984375,0.22600510716438293,5123.05029296875,,,,,,,
02271a48,vtsnn:tact_ann,2020-03-09 21:04:50,0:08:21,completed,batch_size=8 checkpoint_dir=. data_dir=/home/…/data_VT_SNN epochs=600 hidden_size=32 lr=0.0001 sample_file=2,8,600,0.0001,2,32,0.004187996499240398,1.0,0.3351019024848938,0.6000000238418579,0.4833333194255829,1.0,,,,,,,,,,,,,,,
b9468fc5,vtsnn:tact,2020-03-09 21:04:06,0:02:59,completed,batch_size=8 checkpoint_dir=. data_dir=/home/…/data_VT_SNN epochs=500 hidden_size=32 lr=0.01 sample_file=4 sc_false=5 sc_true=150 tsample=325 tsr_stop=325,8,500,0.01,4,32,1.7325129508972168,1.0,116.58038330078125,0.7833333611488342,0.7166666388511658,1.0,325,325,150,5,0.1850440949201584,4080.43603515625,0.18181639909744263,3913.059814453125,,,,,,,
cf00727e,vtsnn:tact,2020-03-09 21:01:08,0:02:58,completed,batch_size=8 checkpoint_dir=. data_dir=/home/…/data_VT_SNN epochs=500 hidden_size=32 lr=0.01 sample_file=3 sc_false=5 sc_true=150 tsample=325 tsr_stop=325,8,500,0.01,3,32,1.0271797180175781,1.0,123.6919174194336,0.7333333492279053,0.6333333253860474,1.0,325,325,150,5,0.20391108095645905,4692.05712890625,0.20347659289836884,4533.29248046875,,,,,,,
a3ebcef9,vtsnn:tact,2020-03-09 20:58:09,0:02:59,completed,batch_size=8 checkpoint_dir=. data_dir=/home/…/data_VT_SNN epochs=500 hidden_size=32 lr=0.01 sample_file=3 sc_false=5 sc_true=150 tsample=325 tsr_stop=325,8,500,0.01,3,32,6.379436016082764,1.0,121.03153228759766,0.7833333611488342,0.6666666865348816,0.9958333373069763,325,325,150,5,0.19681334495544434,4371.599609375,0.19777344167232513,4315.9658203125,,,,,,,
23fc14ea,vtsnn:tact_ann,2020-03-09 20:56:21,0:08:28,completed,batch_size=8 checkpoint_dir=. data_dir=/home/…/data_VT_SNN epochs=600 hidden_size=32 lr=0.0001 sample_file=1,8,600,0.0001,1,32,0.0014564370503649116,1.0,0.28737056255340576,0.5,0.44999998807907104,1.0,,,,,,,,,,,,,,,
904f8e43,vtsnn:tact,2020-03-09 20:55:12,0:02:57,completed,batch_size=8 checkpoint_dir=. data_dir=/home/…/data_VT_SNN epochs=500 hidden_size=32 lr=0.01 sample_file=3 sc_false=5 sc_true=150 tsample=325 tsr_stop=325,8,500,0.01,3,32,5.6567182540893555,1.0,101.87364959716797,0.7666666507720947,0.699999988079071,0.9958333373069763,325,325,150,5,0.18596196174621582,4037.604736328125,0.18174880743026733,3787.78955078125,,,,,,,
25507181,vtsnn:tact,2020-03-09 20:52:14,0:02:57,completed,batch_size=8 checkpoint_dir=. data_dir=/home/…/data_VT_SNN epochs=500 hidden_size=32 lr=0.01 sample_file=2 sc_false=5 sc_true=150 tsample=325 tsr_stop=325,8,500,0.01,2,32,0.7833333611488342,1.0,113.89230346679688,0.7333333492279053,0.6833333373069763,1.0,325,325,150,5,0.15753646194934845,3291.338134765625,0.15569260716438293,3171.687744140625,,,,,,,
338f2624,vtsnn:tact,2020-03-09 20:49:18,0:02:56,completed,batch_size=8 checkpoint_dir=. data_dir=/home/…/data_VT_SNN epochs=500 hidden_size=32 lr=0.01 sample_file=2 sc_false=5 sc_true=150 tsample=325 tsr_stop=325,8,500,0.01,2,32,0.9056410789489746,1.0,111.42671966552734,0.7166666388511658,0.6499999761581421,1.0,325,325,150,5,0.1843850463628769,4062.385009765625,0.1829492300748825,3973.665771484375,,,,,,,
9a648782,vtsnn:tact_ann,2020-03-09 20:48:02,0:08:19,completed,batch_size=8 checkpoint_dir=. data_dir=/home/…/data_VT_SNN epochs=600 hidden_size=32 lr=0.0001 sample_file=1,8,600,0.0001,1,32,0.0019395609851926565,1.0,0.26366767287254333,0.550000011920929,0.5333333611488342,1.0,,,,,,,,,,,,,,,
69c409a2,vtsnn:tact,2020-03-09 20:46:20,0:02:57,completed,batch_size=8 checkpoint_dir=. data_dir=/home/…/data_VT_SNN epochs=500 hidden_size=32 lr=0.01 sample_file=2 sc_false=5 sc_true=150 tsample=325 tsr_stop=325,8,500,0.01,2,32,1.0314358472824097,1.0,112.27845764160156,0.7166666388511658,0.6666666865348816,1.0,325,325,150,5,0.2054775506258011,4670.404296875,0.20522235333919525,4560.302734375,,,,,,,
fa523a26,vtsnn:tact,2020-03-09 20:43:20,0:03:00,completed,batch_size=8 checkpoint_dir=. data_dir=/home/…/data_VT_SNN epochs=500 hidden_size=32 lr=0.01 sample_file=1 sc_false=5 sc_true=150 tsample=325 tsr_stop=325,8,500,0.01,1,32,1.1182050704956055,1.0,104.29769134521484,0.7666666507720947,0.6666666865348816,1.0,325,325,150,5,0.17455407977104187,3868.151611328125,0.1714317947626114,3649.006591796875,,,,,,,
fa39ecfd,vtsnn:tact,2020-03-09 20:40:23,0:02:56,completed,batch_size=8 checkpoint_dir=. data_dir=/home/…/data_VT_SNN epochs=500 hidden_size=32 lr=0.01 sample_file=1 sc_false=5 sc_true=150 tsample=325 tsr_stop=325,8,500,0.01,1,32,2.0671794414520264,1.0,100.27922058105469,0.800000011920929,0.7833333611488342,1.0,325,325,150,5,0.18099159002304077,4294.06982421875,0.17863881587982178,4059.48681640625,,,,,,,
9befc7a4,vtsnn:tact_ann,2020-03-09 20:39:40,0:08:21,completed,batch_size=8 checkpoint_dir=. data_dir=/home/…/data_VT_SNN epochs=600 hidden_size=32 lr=0.0001 sample_file=1,8,600,0.0001,1,32,0.0013635206269100308,1.0,0.2707827389240265,0.5833333134651184,0.5333333611488342,1.0,,,,,,,,,,,,,,,
0acd194f,vtsnn:tact,2020-03-09 20:37:30,0:02:52,completed,batch_size=8 checkpoint_dir=. data_dir=/home/…/data_VT_SNN epochs=500 hidden_size=32 lr=0.01 sample_file=1 sc_false=5 sc_true=150 tsample=325 tsr_stop=325,8,500,0.01,1,32,4.616974830627441,1.0,127.49191284179688,0.7666666507720947,0.6333333253860474,1.0,325,325,150,5,0.1663782149553299,3546.626953125,0.16863881051540375,3506.99169921875,,,,,,,
ca717c0a,vtsnn:tact_ann,2020-03-09 20:24:50,0:09:03,completed,batch_size=8 checkpoint_dir=. data_dir=/home/…/data_VT_SNN epochs=600 hidden_size=32 lr=0.0001 sample_file=5,8,600,0.0001,5,32,0.0009022891754284501,1.0,0.3535890579223633,0.4333333373069763,0.4333333373069763,1.0,,,,,,,,,,,,,,,
72d79331,vtsnn:tact_ann,2020-03-09 20:24:44,0:09:05,completed,batch_size=8 checkpoint_dir=. data_dir=/home/…/data_VT_SNN epochs=600 hidden_size=32 lr=0.0001 sample_file=5,8,600,0.0001,5,32,0.005436827428638935,1.0,0.3237352669239044,0.44999998807907104,0.38333332538604736,1.0,,,,,,,,,,,,,,,
7b8f1255,vtsnn:tact_ann,2020-03-09 20:24:30,0:09:10,completed,batch_size=8 checkpoint_dir=. data_dir=/home/…/data_VT_SNN epochs=600 hidden_size=32 lr=0.0001 sample_file=5,8,600,0.0001,5,32,0.0019194759661331773,1.0,0.31485456228256226,0.550000011920929,0.5166666507720947,1.0,,,,,,,,,,,,,,,
f71e272e,vtsnn:tact_ann,2020-03-09 20:15:32,0:09:11,completed,batch_size=8 checkpoint_dir=. data_dir=/home/…/data_VT_SNN epochs=600 hidden_size=32 lr=0.0001 sample_file=4,8,600,0.0001,4,32,0.007732291705906391,1.0,0.28849977254867554,0.5333333611488342,0.5333333611488342,0.987500011920929,,,,,,,,,,,,,,,
0c9288fc,vtsnn:tact_ann,2020-03-09 20:15:31,0:09:18,completed,batch_size=8 checkpoint_dir=. data_dir=/home/…/data_VT_SNN epochs=600 hidden_size=32 lr=0.0001 sample_file=4,8,600,0.0001,4,32,0.0031097321771085262,1.0,0.3047593832015991,0.5666666626930237,0.5333333611488342,1.0,,,,,,,,,,,,,,,
96a5d489,vtsnn:tact_ann,2020-03-09 20:15:09,0:09:20,completed,batch_size=8 checkpoint_dir=. data_dir=/home/…/data_VT_SNN epochs=600 hidden_size=32 lr=0.0001 sample_file=4,8,600,0.0001,4,32,0.0028300450649112463,1.0,0.27000224590301514,0.5333333611488342,0.4833333194255829,1.0,,,,,,,,,,,,,,,
3665bea8,vtsnn:tact_ann,2020-03-09 20:06:33,0:08:58,completed,batch_size=8 checkpoint_dir=. data_dir=/home/…/data_VT_SNN epochs=600 hidden_size=32 lr=0.0001 sample_file=3,8,600,0.0001,3,32,0.0022805992048233747,1.0,0.27597537636756897,0.6333333253860474,0.5833333134651184,1.0,,,,,,,,,,,,,,,
bf88202a,vtsnn:tact_ann,2020-03-09 20:06:25,0:09:06,completed,batch_size=8 checkpoint_dir=. data_dir=/home/…/data_VT_SNN epochs=600 hidden_size=32 lr=0.0001 sample_file=3,8,600,0.0001,3,32,0.005156899336725473,1.0,0.28716593980789185,0.6499999761581421,0.550000011920929,0.9958333373069763,,,,,,,,,,,,,,,
10887f09,vtsnn:tact_ann,2020-03-09 20:05:58,0:09:10,completed,batch_size=8 checkpoint_dir=. data_dir=/home/…/data_VT_SNN epochs=600 hidden_size=32 lr=0.0001 sample_file=3,8,600,0.0001,3,32,0.0017893577460199594,1.0,0.20193852484226227,0.6333333253860474,0.550000011920929,1.0,,,,,,,,,,,,,,,
ce56ea48,vtsnn:tact_ann,2020-03-09 19:57:44,0:08:48,completed,batch_size=8 checkpoint_dir=. data_dir=/home/…/data_VT_SNN epochs=600 hidden_size=32 lr=0.0001 sample_file=2,8,600,0.0001,2,32,0.0013215169310569763,1.0,0.3425958454608917,0.5166666507720947,0.4000000059604645,1.0,,,,,,,,,,,,,,,
2cd2d08b,vtsnn:tact_ann,2020-03-09 19:57:29,0:08:55,completed,batch_size=8 checkpoint_dir=. data_dir=/home/…/data_VT_SNN epochs=600 hidden_size=32 lr=0.0001 sample_file=2,8,600,0.0001,2,32,0.0027468125335872173,1.0,0.2704537808895111,0.6000000238418579,0.5333333611488342,0.9958333373069763,,,,,,,,,,,,,,,
9cbed93a,vtsnn:tact_ann,2020-03-09 19:56:57,0:09:01,completed,batch_size=8 checkpoint_dir=. data_dir=/home/…/data_VT_SNN epochs=600 hidden_size=32 lr=0.0001 sample_file=2,8,600,0.0001,2,32,0.003776292549446225,1.0,0.2923148274421692,0.5333333611488342,0.4833333194255829,1.0,,,,,,,,,,,,,,,
5aa85323,vtsnn:tact_ann,2020-03-09 19:48:48,0:08:55,completed,batch_size=8 checkpoint_dir=. data_dir=/home/…/data_VT_SNN epochs=600 hidden_size=32 lr=0.0001 sample_file=1,8,600,0.0001,1,32,0.003007018705829978,1.0,0.309394508600235,0.44999998807907104,0.4333333373069763,1.0,,,,,,,,,,,,,,,
861c0b92,vtsnn:tact_ann,2020-03-09 19:48:36,0:08:52,completed,batch_size=8 checkpoint_dir=. data_dir=/home/…/data_VT_SNN epochs=600 hidden_size=32 lr=0.0001 sample_file=1,8,600,0.0001,1,32,0.002922189189121127,1.0,0.2947836220264435,0.5333333611488342,0.4166666567325592,1.0,,,,,,,,,,,,,,,
db018837,vtsnn:tact_ann,2020-03-09 19:48:11,0:08:45,completed,batch_size=8 checkpoint_dir=. data_dir=/home/…/data_VT_SNN epochs=600 hidden_size=32 lr=0.0001 sample_file=1,8,600,0.0001,1,32,0.0027904072776436806,1.0,0.2812318205833435,0.6000000238418579,0.4166666567325592,1.0,,,,,,,,,,,,,,,
41099bcf,vtsnn:mm,2020-03-06 20:43:57,0:31:40,completed,batch_size=8 checkpoint_dir=. data_dir=/home/…/data_VT_SNN epochs=500 lr=0.001 output_size=20 sample_file=5 sc_false=5 sc_true=150 tsample=325 tsr_stop=325,8,500,0.001,5,,0.7051795125007629,1.0,96.36672973632812,0.7833333611488342,0.7833333611488342,1.0,325,325,150,5,0.33654913306236267,6132.90380859375,0.33669012784957886,6114.9814453125,,,,,,,
88cad422,vtsnn:mm,2020-03-06 20:42:45,0:32:18,completed,batch_size=8 checkpoint_dir=. data_dir=/home/…/data_VT_SNN epochs=500 lr=0.001 output_size=20 sample_file=5 sc_false=5 sc_true=150 tsample=325 tsr_stop=325,8,500,0.001,5,,0.5774872303009033,1.0,93.51691436767578,0.800000011920929,0.7333333492279053,1.0,325,325,150,5,0.3132399320602417,5334.7646484375,0.3172261714935303,5363.04833984375,,,,,,,
18654301,vtsnn:mm,2020-03-06 20:41:55,0:32:12,completed,batch_size=8 checkpoint_dir=. data_dir=/home/…/data_VT_SNN epochs=500 lr=0.001 output_size=20 sample_file=5 sc_false=5 sc_true=150 tsample=325 tsr_stop=325,8,500,0.001,5,,0.45502567291259766,1.0,89.31230163574219,0.8333333134651184,0.8333333134651184,1.0,325,325,150,5,0.3526499569416046,6913.9755859375,0.35141050815582275,6827.60009765625,,,,,,,
97cbfa5c,vtsnn:mm,2020-03-06 20:40:29,0:32:49,completed,batch_size=8 checkpoint_dir=. data_dir=/home/…/data_VT_SNN epochs=500 lr=0.001 output_size=20 sample_file=5 sc_false=5 sc_true=150 tsample=325 tsr_stop=325,8,500,0.001,5,,0.46487191319465637,1.0,104.56999969482422,0.75,0.75,1.0,325,325,150,5,0.33372262120246887,6057.9326171875,0.33255311846733093,6004.49462890625,,,,,,,
3bfe748d,vtsnn:viz,2020-03-06 20:14:08,0:31:29,completed,batch_size=8 checkpoint_dir=. data_dir=/home/…/data_VT_SNN epochs=500 lr=0.01 output_size=20 sample_file=5 sc_false=5 sc_true=150 tsample=325 tsr_stop=325,8,500,0.01,5,,32.60641098022461,1.0,157.611328125,0.7666666507720947,0.5333333611488342,0.9833333492279053,325,325,150,5,0.1179194301366806,1560.411376953125,0.11649861931800842,1519.9837646484375,,,,,,,
4b766c63,vtsnn:mm,2020-03-06 20:02:40,0:41:17,completed,batch_size=8 checkpoint_dir=. data_dir=/home/…/data_VT_SNN epochs=500 lr=0.001 output_size=20 sample_file=4 sc_false=5 sc_true=150 tsample=325 tsr_stop=325,8,500,0.001,4,,0.8806154727935791,1.0,72.75961303710938,0.8666666746139526,0.8500000238418579,1.0,325,325,150,5,0.33243322372436523,5833.38623046875,0.33398765325546265,5757.26123046875,,,,,,,
f11b6a53,vtsnn:mm,2020-03-06 20:01:28,0:40:27,completed,batch_size=8 checkpoint_dir=. data_dir=/home/…/data_VT_SNN epochs=500 lr=0.001 output_size=20 sample_file=4 sc_false=5 sc_true=150 tsample=325 tsr_stop=325,8,500,0.001,4,,1.1693333387374878,1.0,93.7034683227539,0.800000011920929,0.7833333611488342,1.0,325,325,150,5,0.3256947100162506,5920.712890625,0.32671284675598145,5867.6640625,,,,,,,
59ce984c,vtsnn:mm,2020-03-06 20:01:07,0:41:38,completed,batch_size=8 checkpoint_dir=. data_dir=/home/…/data_VT_SNN epochs=500 lr=0.001 output_size=20 sample_file=4 sc_false=5 sc_true=150 tsample=325 tsr_stop=325,8,500,0.001,4,,0.4282051920890808,1.0,61.46692657470703,0.9166666865348816,0.8666666746139526,1.0,325,325,150,5,0.30936184525489807,5075.53857421875,0.3127392530441284,5071.01611328125,,,,,,,
2abb774f,vtsnn:mm,2020-03-06 19:59:48,0:40:40,completed,batch_size=8 checkpoint_dir=. data_dir=/home/…/data_VT_SNN epochs=500 lr=0.001 output_size=20 sample_file=4 sc_false=5 sc_true=150 tsample=325 tsr_stop=325,8,500,0.001,4,,0.5790769457817078,1.0,69.48211669921875,0.8833333253860474,0.8500000238418579,1.0,325,325,150,5,0.34977981448173523,6577.3046875,0.34903255105018616,6484.564453125,,,,,,,
ce43a04c,vtsnn:viz,2020-03-06 19:41:31,0:32:36,completed,batch_size=8 checkpoint_dir=. data_dir=/home/…/data_VT_SNN epochs=500 lr=0.01 output_size=20 sample_file=4 sc_false=5 sc_true=150 tsample=325 tsr_stop=325,8,500,0.01,4,,43.21625518798828,1.0,141.23806762695312,0.7666666507720947,0.5833333134651184,0.9458333253860474,325,325,150,5,0.11758960783481598,1555.8572998046875,0.11766394227743149,1535.7891845703125,,,,,,,
8e8cbd53,vtsnn:tact,2020-03-06 19:13:45,0:31:18,completed,batch_size=8 checkpoint_dir=/…/logged_models data_dir=/home/…/data_VT_SNN epochs=500 hidden_size=32 lr=0.01 sample_file=5 sc_false=5 sc_true=150 tsample=325 tsr_stop=325,8,500,0.01,5,32,21.54533576965332,1.0,110.74884033203125,0.7833333611488342,0.75,0.9750000238418579,325,325,150,5,0.2021390050649643,4493.9765625,0.2021259069442749,4358.9091796875,,,,,,,
7be17fca,vtsnn:mm,2020-03-06 19:13:44,0:47:43,completed,batch_size=8 checkpoint_dir=. data_dir=/home/…/data_VT_SNN epochs=500 lr=0.001 output_size=20 sample_file=3 sc_false=5 sc_true=150 tsample=325 tsr_stop=325,8,500,0.001,3,,1.5480512380599976,1.0,95.55326080322266,0.75,0.7166666388511658,1.0,325,325,150,5,0.3211432099342346,5592.30126953125,0.3195613920688629,5433.49609375,,,,,,,
f3349397,vtsnn:mm,2020-03-06 19:13:36,0:49:03,completed,batch_size=8 checkpoint_dir=. data_dir=/home/…/data_VT_SNN epochs=500 lr=0.001 output_size=20 sample_file=3 sc_false=5 sc_true=150 tsample=325 tsr_stop=325,8,500,0.001,3,,0.6816410422325134,1.0,83.849609375,0.8666666746139526,0.800000011920929,1.0,325,325,150,5,0.33161863684654236,6304.68603515625,0.32732418179512024,6077.88671875,,,,,,,
498b8d03,vtsnn:mm,2020-03-06 19:11:33,0:48:14,completed,batch_size=8 checkpoint_dir=. data_dir=/home/…/data_VT_SNN epochs=500 lr=0.001 output_size=20 sample_file=3 sc_false=5 sc_true=150 tsample=325 tsr_stop=325,8,500,0.001,3,,0.29753848910331726,1.0,72.49269104003906,0.8833333253860474,0.8333333134651184,1.0,325,325,150,5,0.3136190176010132,5416.82421875,0.31175851821899414,5270.1201171875,,,,,,,
f2b77119,vtsnn:mm,2020-03-06 19:11:29,0:49:38,completed,batch_size=8 checkpoint_dir=. data_dir=/home/…/data_VT_SNN epochs=500 lr=0.001 output_size=20 sample_file=3 sc_false=5 sc_true=150 tsample=325 tsr_stop=325,8,500,0.001,3,,1.1442561149597168,1.0,73.06537628173828,0.9333333373069763,0.8999999761581421,1.0,325,325,150,5,0.3139555752277374,5328.5302734375,0.3091839849948883,5108.2109375,,,,,,,
f62b71f7,vtsnn:viz,2020-03-06 18:44:10,0:57:21,completed,batch_size=8 checkpoint_dir=. data_dir=/home/…/data_VT_SNN epochs=500 lr=0.01 output_size=20 sample_file=3 sc_false=5 sc_true=150 tsample=325 tsr_stop=325,8,500,0.01,3,,27.579898834228516,1.0,119.5167236328125,0.7333333492279053,0.6833333373069763,0.987500011920929,325,325,150,5,0.11777736991643906,1558.8477783203125,0.11690913885831833,1522.8817138671875,,,,,,,
036bc9d2,vtsnn:tact,2020-03-06 18:25:26,0:48:17,completed,batch_size=8 checkpoint_dir=/…/logged_models data_dir=/home/…/data_VT_SNN epochs=500 hidden_size=32 lr=0.01 sample_file=4 sc_false=5 sc_true=150 tsample=325 tsr_stop=325,8,500,0.01,4,32,0.8971795439720154,1.0,114.20672607421875,0.7333333492279053,0.7333333492279053,1.0,325,325,150,5,0.1818505823612213,4249.9033203125,0.18272987008094788,4193.76171875,,,,,,,
7936d875,vtsnn:viz,2020-03-06 17:57:40,1:14:12,completed,batch_size=8 checkpoint_dir=. data_dir=/home/…/data_VT_SNN epochs=500 lr=0.01 output_size=20 sample_file=5 sc_false=5 sc_true=150 tsample=325 tsr_stop=325,8,500,0.01,5,,40.41881561279297,1.0,132.86114501953125,0.699999988079071,0.6166666746139526,0.949999988079071,325,325,150,5,0.1179194301366806,1560.411376953125,0.11649861931800842,1519.9837646484375,,,,,,,
e64ed1af,vtsnn:mm,2020-03-06 17:57:21,1:16:22,completed,batch_size=8 checkpoint_dir=. data_dir=/home/…/data_VT_SNN epochs=500 lr=0.001 output_size=20 sample_file=2 sc_false=5 sc_true=150 tsample=325 tsr_stop=325,8,500,0.001,2,,0.2821538746356964,1.0,70.4324951171875,0.9166666865348816,0.8666666746139526,1.0,325,325,150,5,0.3334326148033142,6226.13623046875,0.3375309705734253,6286.45361328125,,,,,,,
c19cd94b,vtsnn:mm,2020-03-06 17:56:53,1:16:43,completed,batch_size=8 checkpoint_dir=. data_dir=/home/…/data_VT_SNN epochs=500 lr=0.001 output_size=20 sample_file=2 sc_false=5 sc_true=150 tsample=325 tsr_stop=325,8,500,0.001,2,,0.40415385365486145,1.0,91.23153686523438,0.7833333611488342,0.75,1.0,325,325,150,5,0.3189236521720886,5431.75048828125,0.3186511695384979,5419.39599609375,,,,,,,
28242df7,vtsnn:viz,2020-03-06 17:55:59,1:14:46,completed,batch_size=8 checkpoint_dir=. data_dir=/home/…/data_VT_SNN epochs=500 lr=0.01 output_size=20 sample_file=5 sc_false=5 sc_true=150 tsample=325 tsr_stop=325,8,500,0.01,5,,39.762718200683594,1.0,142.60018920898438,0.7333333492279053,0.550000011920929,0.9624999761581421,325,325,150,5,0.1179194301366806,1560.411376953125,0.11649861931800842,1519.9837646484375,,,,,,,
9f630158,vtsnn:mm,2020-03-06 17:55:26,1:16:07,completed,batch_size=8 checkpoint_dir=. data_dir=/home/…/data_VT_SNN epochs=500 lr=0.001 output_size=20 sample_file=2 sc_false=5 sc_true=150 tsample=325 tsr_stop=325,8,500,0.001,2,,0.5921539068222046,1.0,79.53384399414062,0.8333333134651184,0.8166666626930237,1.0,325,325,150,5,0.30420824885368347,5109.72021484375,0.30501413345336914,5057.39111328125,,,,,,,
0ee679b3,vtsnn:viz,2020-03-06 17:55:05,1:14:06,completed,batch_size=8 checkpoint_dir=. data_dir=/home/…/data_VT_SNN epochs=500 lr=0.01 output_size=20 sample_file=5 sc_false=5 sc_true=150 tsample=325 tsr_stop=325,8,500,0.01,5,,61.68147659301758,1.0,122.40940856933594,0.7166666388511658,0.6333333253860474,0.925000011920929,325,325,150,5,0.1179194301366806,1560.411376953125,0.11649861931800842,1519.9837646484375,,,,,,,
44bd3790,vtsnn:mm,2020-03-06 17:54:43,1:16:45,completed,batch_size=8 checkpoint_dir=. data_dir=/home/…/data_VT_SNN epochs=500 lr=0.001 output_size=20 sample_file=2 sc_false=5 sc_true=150 tsample=325 tsr_stop=325,8,500,0.001,2,,0.25579485297203064,1.0,73.25288391113281,0.8833333253860474,0.8500000238418579,1.0,325,325,150,5,0.32727938890457153,5900.6220703125,0.3308458924293518,6005.435546875,,,,,,,
b0b8d0f8,vtsnn:tact,2020-03-06 17:35:32,0:49:54,completed,batch_size=8 checkpoint_dir=/…/logged_models data_dir=/home/…/data_VT_SNN epochs=500 hidden_size=32 lr=0.01 sample_file=3 sc_false=5 sc_true=150 tsample=325 tsr_stop=325,8,500,0.01,3,32,1.9215898513793945,1.0,127.53211975097656,0.7666666507720947,0.6499999761581421,1.0,325,325,150,5,0.1744050532579422,3677.31298828125,0.17038312554359436,3490.882080078125,,,,,,,
e953ba89,vtsnn:viz,2020-03-06 17:28:49,1:15:20,completed,batch_size=8 checkpoint_dir=. data_dir=/home/…/data_VT_SNN epochs=500 lr=0.01 output_size=20 sample_file=2 sc_false=5 sc_true=150 tsample=325 tsr_stop=325,8,500,0.01,2,,41.50553894042969,1.0,176.17115783691406,0.6499999761581421,0.550000011920929,0.9416666626930237,325,325,150,5,0.11715611070394516,1528.9581298828125,0.11927776038646698,1635.7274169921875,,,,,,,
101a88b5,vtsnn:tact,2020-03-06 16:46:06,0:49:26,completed,batch_size=8 checkpoint_dir=/…/logged_models data_dir=/home/…/data_VT_SNN epochs=500 hidden_size=32 lr=0.01 sample_file=2 sc_false=5 sc_true=150 tsample=325 tsr_stop=325,8,500,0.01,2,32,1.398256540298462,1.0,105.13345336914062,0.7833333611488342,0.7666666507720947,1.0,325,325,150,5,0.13964062929153442,2737.852783203125,0.13192157447338104,2441.398193359375,,,,,,,
c5ab5e32,vtsnn:viz,2020-03-06 16:43:32,1:14:07,completed,batch_size=8 checkpoint_dir=. data_dir=/home/…/data_VT_SNN epochs=500 lr=0.01 output_size=20 sample_file=4 sc_false=5 sc_true=150 tsample=325 tsr_stop=325,8,500,0.01,4,,46.703495025634766,1.0,235.8455810546875,0.75,0.46666666865348816,0.9291666746139526,325,325,150,5,0.11758960783481598,1555.8572998046875,0.11766394227743149,1535.7891845703125,,,,,,,
01b34208,vtsnn:viz,2020-03-06 16:42:04,1:13:01,completed,batch_size=8 checkpoint_dir=. data_dir=/home/…/data_VT_SNN epochs=500 lr=0.01 output_size=20 sample_file=4 sc_false=5 sc_true=150 tsample=325 tsr_stop=325,8,500,0.01,4,,52.699337005615234,1.0,132.32998657226562,0.7666666507720947,0.6000000238418579,0.949999988079071,325,325,150,5,0.11758960783481598,1555.8572998046875,0.11766394227743149,1535.7891845703125,,,,,,,
8415e893,vtsnn:viz,2020-03-06 16:41:53,1:14:05,completed,batch_size=8 checkpoint_dir=. data_dir=/home/…/data_VT_SNN epochs=500 lr=0.01 output_size=20 sample_file=4 sc_false=5 sc_true=150 tsample=325 tsr_stop=325,8,500,0.01,4,,27.22615623474121,1.0,138.26808166503906,0.75,0.6499999761581421,0.9750000238418579,325,325,150,5,0.11758960783481598,1555.8572998046875,0.11766394227743149,1535.7891845703125,,,,,,,
3c4627f7,vtsnn:mm,2020-03-06 16:39:55,1:17:25,completed,batch_size=8 checkpoint_dir=. data_dir=/home/…/data_VT_SNN epochs=500 lr=0.001 output_size=20 sample_file=1 sc_false=5 sc_true=150 tsample=325 tsr_stop=325,8,500,0.001,1,,0.3828718662261963,1.0,76.4638442993164,0.8500000238418579,0.8166666626930237,1.0,325,325,150,5,0.32959476113319397,5911.373046875,0.3283374309539795,5722.22021484375,,,,,,,
f498ae3c,vtsnn:mm,2020-03-06 16:39:50,1:17:03,completed,batch_size=8 checkpoint_dir=. data_dir=/home/…/data_VT_SNN epochs=500 lr=0.001 output_size=20 sample_file=1 sc_false=5 sc_true=150 tsample=325 tsr_stop=325,8,500,0.001,1,,1.1539487838745117,1.0,90.0669174194336,0.8333333134651184,0.8333333134651184,1.0,325,325,150,5,0.32261016964912415,5763.9541015625,0.3184399902820587,5452.9091796875,,,,,,,
f4687e8a,vtsnn:mm,2020-03-06 16:39:45,1:15:40,completed,batch_size=8 checkpoint_dir=. data_dir=/home/…/data_VT_SNN epochs=500 lr=0.001 output_size=20 sample_file=1 sc_false=5 sc_true=150 tsample=325 tsr_stop=325,8,500,0.001,1,,0.4258461892604828,1.0,91.39402770996094,0.8166666626930237,0.7833333611488342,1.0,325,325,150,5,0.3235125243663788,5779.25341796875,0.3199247717857361,5542.572265625,,,,,,,
31ee3d8d,vtsnn:mm,2020-03-06 16:39:40,1:15:03,completed,batch_size=8 checkpoint_dir=. data_dir=/home/…/data_VT_SNN epochs=500 lr=0.001 output_size=20 sample_file=1 sc_false=5 sc_true=150 tsample=325 tsr_stop=325,8,500,0.001,1,,5.745641708374023,1.0,78.22845458984375,0.8500000238418579,0.800000011920929,1.0,325,325,150,5,0.323609322309494,5717.259765625,0.32298964262008667,5548.60595703125,,,,,,,
1e7001ac,vtsnn:tact,2020-03-06 16:24:51,0:21:14,completed,batch_size=8 checkpoint_dir=/…/logged_models data_dir=/home/…/data_VT_SNN epochs=500 hidden_size=32 lr=0.01 sample_file=1 sc_false=5 sc_true=150 tsample=325 tsr_stop=325,8,500,0.01,1,32,2.399230718612671,1.0,96.06230163574219,0.8666666746139526,0.7666666507720947,1.0,325,325,150,5,0.27275121212005615,6713.43505859375,0.2715640068054199,6582.29931640625,,,,,,,
c16dcf42,vtsnn:viz,2020-03-06 16:24:38,1:04:11,completed,batch_size=8 checkpoint_dir=. data_dir=/home/…/data_VT_SNN epochs=500 lr=0.01 output_size=20 sample_file=1 sc_false=5 sc_true=150 tsample=325 tsr_stop=325,8,500,0.01,1,,41.50857162475586,1.0,163.31808471679688,0.6499999761581421,0.550000011920929,0.9666666388511658,325,325,150,5,0.11750952899456024,1555.20166015625,0.11795279383659363,1538.03466796875,,,,,,,
f9c2a1b4,vtsnn:viz,2020-03-06 16:05:05,0:38:26,completed,batch_size=8 checkpoint_dir=. data_dir=/home/…/data_VT_SNN epochs=500 lr=0.01 output_size=20 sample_file=3 sc_false=5 sc_true=150 tsample=325 tsr_stop=325,8,500,0.01,3,,48.427486419677734,1.0,130.54443359375,0.7333333492279053,0.6166666746139526,0.9416666626930237,325,325,150,5,0.11777736991643906,1558.8477783203125,0.11690913885831833,1522.8817138671875,,,,,,,
8acd702e,vtsnn:viz,2020-03-06 16:04:33,0:37:20,completed,batch_size=8 checkpoint_dir=. data_dir=/home/…/data_VT_SNN epochs=500 lr=0.01 output_size=20 sample_file=3 sc_false=5 sc_true=150 tsample=325 tsr_stop=325,8,500,0.01,3,,43.0936393737793,1.0,125.98095703125,0.7166666388511658,0.6333333253860474,0.9624999761581421,325,325,150,5,0.11777736991643906,1558.8477783203125,0.11690913885831833,1522.8817138671875,,,,,,,
ef330292,vtsnn:viz,2020-03-06 16:04:21,0:37:42,completed,batch_size=8 checkpoint_dir=. data_dir=/home/…/data_VT_SNN epochs=500 lr=0.01 output_size=20 sample_file=3 sc_false=5 sc_true=150 tsample=325 tsr_stop=325,8,500,0.01,3,,43.6162109375,1.0,137.58653259277344,0.7333333492279053,0.6166666746139526,0.9583333134651184,325,325,150,5,0.11777736991643906,1558.8477783203125,0.11690913885831833,1522.8817138671875,,,,,,,
55f0f2b2,vtsnn:tact,2020-03-06 15:51:21,0:26:23,completed,batch_size=8 checkpoint_dir=/…/logged_models data_dir=/home/…/data_VT_SNN epochs=500 hidden_size=32 lr=0.01 sample_file=5 sc_false=5 sc_true=150 tsample=325 tsr_stop=325,8,500,0.01,5,32,9.000616073608398,1.0,120.51826477050781,0.7333333492279053,0.6499999761581421,0.9958333373069763,325,325,150,5,0.2162535935640335,4974.75146484375,0.21791617572307587,4957.29443359375,,,,,,,
b3b4c2c4,vtsnn:tact,2020-03-06 15:41:25,0:33:16,completed,batch_size=8 checkpoint_dir=/…/logged_models data_dir=/home/…/data_VT_SNN epochs=500 hidden_size=32 lr=0.01 sample_file=5 sc_false=5 sc_true=150 tsample=325 tsr_stop=325,8,500,0.01,5,32,0.9466667175292969,1.0,110.39115905761719,0.7666666507720947,0.7333333492279053,1.0,325,325,150,5,0.21115505695343018,5008.31982421875,0.21531249582767487,5025.33056640625,,,,,,,
fccff983,vtsnn:tact,2020-03-06 15:40:31,0:33:33,completed,batch_size=8 checkpoint_dir=/…/logged_models data_dir=/home/…/data_VT_SNN epochs=500 hidden_size=32 lr=0.01 sample_file=5 sc_false=5 sc_true=150 tsample=325 tsr_stop=325,8,500,0.01,5,32,1.186718225479126,1.0,116.81268310546875,0.7166666388511658,0.6333333253860474,1.0,325,325,150,5,0.2217768430709839,5229.30810546875,0.22129356861114502,5108.85205078125,,,,,,,
591c4e29,vtsnn:tact,2020-03-06 15:17:31,0:33:49,completed,batch_size=8 checkpoint_dir=/…/logged_models data_dir=/home/…/data_VT_SNN epochs=500 hidden_size=32 lr=0.01 sample_file=4 sc_false=5 sc_true=150 tsample=325 tsr_stop=325,8,500,0.01,4,32,1.2252821922302246,1.0,108.28288269042969,0.8500000238418579,0.75,1.0,325,325,150,5,0.1642816662788391,3431.3076171875,0.165157750248909,3342.058837890625,,,,,,,
6a60c821,vtsnn:viz,2020-03-06 15:13:23,0:51:41,completed,batch_size=8 checkpoint_dir=. data_dir=/home/…/data_VT_SNN epochs=500 lr=0.01 output_size=20 sample_file=2 sc_false=5 sc_true=150 tsample=325 tsr_stop=325,8,500,0.01,2,,40.37410354614258,1.0,161.63864135742188,0.6666666865348816,0.550000011920929,0.9541666507720947,325,325,150,5,0.11715611070394516,1528.9581298828125,0.11927776038646698,1635.7274169921875,,,,,,,
ea554be8,vtsnn:viz,2020-03-06 15:13:01,0:51:19,completed,batch_size=8 checkpoint_dir=. data_dir=/home/…/data_VT_SNN epochs=500 lr=0.01 output_size=20 sample_file=2 sc_false=5 sc_true=150 tsample=325 tsr_stop=325,8,500,0.01,2,,38.003997802734375,1.0,168.33518981933594,0.699999988079071,0.5,0.9541666507720947,325,325,150,5,0.11715611070394516,1528.9581298828125,0.11927776038646698,1635.7274169921875,,,,,,,
49e94613,vtsnn:viz,2020-03-06 15:12:51,0:51:41,completed,batch_size=8 checkpoint_dir=. data_dir=/home/…/data_VT_SNN epochs=500 lr=0.01 output_size=20 sample_file=2 sc_false=5 sc_true=150 tsample=325 tsr_stop=325,8,500,0.01,2,,44.9578971862793,1.0,200.03440856933594,0.6833333373069763,0.46666666865348816,0.9624999761581421,325,325,150,5,0.11715611070394516,1528.9581298828125,0.11927776038646698,1635.7274169921875,,,,,,,
58accdc8,vtsnn:tact,2020-03-06 15:08:02,0:33:22,completed,batch_size=8 checkpoint_dir=/…/logged_models data_dir=/home/…/data_VT_SNN epochs=500 hidden_size=32 lr=0.01 sample_file=4 sc_false=5 sc_true=150 tsample=325 tsr_stop=325,8,500,0.01,4,32,13.825695037841797,1.0,119.59556579589844,0.7333333492279053,0.699999988079071,0.9791666865348816,325,325,150,5,0.20872478187084198,4659.30029296875,0.2146138697862625,4733.46337890625,,,,,,,
491a83ea,vtsnn:tact,2020-03-06 15:06:58,0:33:32,completed,batch_size=8 checkpoint_dir=/…/logged_models data_dir=/home/…/data_VT_SNN epochs=500 hidden_size=32 lr=0.01 sample_file=4 sc_false=5 sc_true=150 tsample=325 tsr_stop=325,8,500,0.01,4,32,2.2110769748687744,1.0,123.85462188720703,0.7166666388511658,0.6166666746139526,1.0,325,325,150,5,0.21014581620693207,4985.04931640625,0.21368539333343506,4993.25146484375,,,,,,,
537c9a52,vtsnn:tact,2020-03-06 14:44:09,0:33:22,completed,batch_size=8 checkpoint_dir=/…/logged_models data_dir=/home/…/data_VT_SNN epochs=500 hidden_size=32 lr=0.01 sample_file=3 sc_false=5 sc_true=150 tsample=325 tsr_stop=325,8,500,0.01,3,32,2.1816413402557373,1.0,122.51980590820312,0.7666666507720947,0.699999988079071,1.0,325,325,150,5,0.1706898957490921,3820.900146484375,0.16982270777225494,3696.54150390625,,,,,,,
9addd78d,vtsnn:tact,2020-03-06 14:36:07,0:31:55,completed,batch_size=8 checkpoint_dir=/…/logged_models data_dir=/home/…/data_VT_SNN epochs=500 hidden_size=32 lr=0.01 sample_file=3 sc_false=5 sc_true=150 tsample=325 tsr_stop=325,8,500,0.01,3,32,3.7591798305511475,1.0,104.377685546875,0.7833333611488342,0.6833333373069763,1.0,325,325,150,5,0.18877004086971283,4133.900390625,0.18692606687545776,3964.10595703125,,,,,,,
0e60a902,vtsnn:tact,2020-03-06 14:35:08,0:31:50,completed,batch_size=8 checkpoint_dir=/…/logged_models data_dir=/home/…/data_VT_SNN epochs=500 hidden_size=32 lr=0.01 sample_file=3 sc_false=5 sc_true=150 tsample=325 tsr_stop=325,8,500,0.01,3,32,7.138461589813232,1.0,100.48307037353516,0.800000011920929,0.7333333492279053,0.9958333373069763,325,325,150,5,0.22665546834468842,5251.94580078125,0.22389572858810425,5108.3388671875,,,,,,,
ca4352b4,vtsnn:viz,2020-03-06 14:24:03,0:49:19,completed,batch_size=8 checkpoint_dir=. data_dir=/home/…/data_VT_SNN epochs=500 lr=0.01 output_size=20 sample_file=1 sc_false=5 sc_true=150 tsample=325 tsr_stop=325,8,500,0.01,1,,37.22666549682617,1.0,151.41845703125,0.699999988079071,0.5166666507720947,0.9791666865348816,325,325,150,5,0.11750952899456024,1555.20166015625,0.11795279383659363,1538.03466796875,,,,,,,
97285ff3,vtsnn:viz,2020-03-06 14:23:56,0:49:04,completed,batch_size=8 checkpoint_dir=. data_dir=/home/…/data_VT_SNN epochs=500 lr=0.01 output_size=20 sample_file=1 sc_false=5 sc_true=150 tsample=325 tsr_stop=325,8,500,0.01,1,,36.164825439453125,1.0,143.14981079101562,0.699999988079071,0.5833333134651184,0.9708333611488342,325,325,150,5,0.11750952899456024,1555.20166015625,0.11795279383659363,1538.03466796875,,,,,,,
4fdf9646,vtsnn:viz,2020-03-06 14:23:51,0:48:59,completed,batch_size=8 checkpoint_dir=. data_dir=/home/…/data_VT_SNN epochs=500 lr=0.01 output_size=20 sample_file=1 sc_false=5 sc_true=150 tsample=325 tsr_stop=325,8,500,0.01,1,,24.570924758911133,1.0,126.76038360595703,0.7166666388511658,0.6833333373069763,0.9833333492279053,325,325,150,5,0.11750952899456024,1555.20166015625,0.11795279383659363,1538.03466796875,,,,,,,
4dbd86c7,vtsnn:tact,2020-03-06 14:19:58,0:24:10,completed,batch_size=8 checkpoint_dir=/…/logged_models data_dir=/home/…/data_VT_SNN epochs=500 hidden_size=32 lr=0.01 sample_file=2 sc_false=5 sc_true=150 tsample=325 tsr_stop=325,8,500,0.01,2,32,1.6140004396438599,1.0,117.09883880615234,0.7333333492279053,0.6666666865348816,1.0,325,325,150,5,0.2049531191587448,4600.83056640625,0.195932999253273,4254.7666015625,,,,,,,
c213f98c,vtsnn:tact,2020-03-06 14:18:28,0:17:38,completed,batch_size=8 checkpoint_dir=/…/logged_models data_dir=/home/…/data_VT_SNN epochs=500 hidden_size=32 lr=0.01 sample_file=2 sc_false=5 sc_true=150 tsample=325 tsr_stop=325,8,500,0.01,2,32,0.9712308645248413,1.0,100.23306274414062,0.800000011920929,0.75,1.0,325,325,150,5,0.15994791686534882,3488.4462890625,0.15547776222229004,3306.74609375,,,,,,,
185e24e3,vtsnn:tact,2020-03-06 14:18:15,0:16:52,completed,batch_size=8 checkpoint_dir=/…/logged_models data_dir=/home/…/data_VT_SNN epochs=500 hidden_size=32 lr=0.01 sample_file=2 sc_false=5 sc_true=150 tsample=325 tsr_stop=325,8,500,0.01,2,32,0.8412308692932129,1.0,107.38095092773438,0.75,0.699999988079071,1.0,325,325,150,5,0.16242028772830963,3456.98779296875,0.15862229466438293,3246.343505859375,,,,,,,
13e0fadc,vtsnn:tact,2020-03-06 14:10:28,0:08:00,completed,batch_size=8 checkpoint_dir=/…/logged_models data_dir=/home/…/data_VT_SNN epochs=500 hidden_size=32 lr=0.01 sample_file=1 sc_false=5 sc_true=150 tsample=325 tsr_stop=325,8,500,0.01,1,32,2.846769332885742,1.0,125.04461669921875,0.7166666388511658,0.6499999761581421,1.0,325,325,150,5,0.20565304160118103,4713.1123046875,0.20656849443912506,4581.85693359375,,,,,,,
f39c0853,vtsnn:tact,2020-03-06 14:10:21,0:07:53,completed,batch_size=8 checkpoint_dir=/…/logged_models data_dir=/home/…/data_VT_SNN epochs=500 hidden_size=32 lr=0.01 sample_file=1 sc_false=5 sc_true=150 tsample=325 tsr_stop=325,8,500,0.01,1,32,2.283487558364868,1.0,107.3767318725586,0.75,0.7333333492279053,1.0,325,325,150,5,0.2253601998090744,5153.46142578125,0.22623799741268158,5057.3798828125,,,,,,,
7b57d548,vtsnn:tact,2020-03-06 14:10:15,0:09:43,completed,batch_size=8 checkpoint_dir=/…/logged_models data_dir=/home/…/data_VT_SNN epochs=500 hidden_size=32 lr=0.01 sample_file=1 sc_false=5 sc_true=150 tsample=325 tsr_stop=325,8,500,0.01,1,32,0.9216411709785461,1.0,107.23633575439453,0.7333333492279053,0.7333333492279053,1.0,325,325,150,5,0.2095416635274887,4901.31396484375,0.21004356443881989,4757.56787109375,,,,,,,
